{"info":{"year":2023,"version":"1.0","description":"VIA project exported to COCO format using VGG Image Annotator (http://www.robots.ox.ac.uk/~vgg/software/via/)","contributor":"","url":"http://www.robots.ox.ac.uk/~vgg/software/via/","date_created":"Thu Oct 12 2023 18:15:54 GMT+0200 (heure d’été d’Europe centrale)"},"images":[{"id":1,"width":299,"height":168,"file_name":"001.jpeg","license":0,"date_captured":""},{"id":2,"width":800,"height":533,"file_name":"002.jpg","license":0,"date_captured":""},{"id":3,"width":600,"height":404,"file_name":"003.jpg","license":0,"date_captured":""},{"id":4,"width":300,"height":168,"file_name":"004.jpeg","license":0,"date_captured":""},{"id":5,"width":340,"height":148,"file_name":"005.jpeg","license":0,"date_captured":""},{"id":7,"width":278,"height":181,"file_name":"007.jpeg","license":0,"date_captured":""},{"id":8,"width":299,"height":168,"file_name":"008.jpeg","license":0,"date_captured":""},{"id":9,"width":301,"height":167,"file_name":"009.jpeg","license":0,"date_captured":""},{"id":10,"width":275,"height":183,"file_name":"010.jpeg","license":0,"date_captured":""},{"id":12,"width":259,"height":194,"file_name":"012.jpeg","license":0,"date_captured":""},{"id":13,"width":274,"height":184,"file_name":"013.jpeg","license":0,"date_captured":""},{"id":14,"width":262,"height":192,"file_name":"014.jpeg","license":0,"date_captured":""},{"id":16,"width":275,"height":183,"file_name":"016.jpeg","license":0,"date_captured":""},{"id":17,"width":192,"height":263,"file_name":"017.jpeg","license":0,"date_captured":""},{"id":18,"width":300,"height":168,"file_name":"018.jpeg","license":0,"date_captured":""},{"id":19,"width":300,"height":168,"file_name":"019.jpeg","license":0,"date_captured":""},{"id":20,"width":192,"height":263,"file_name":"020.jpeg","license":0,"date_captured":""},{"id":21,"width":290,"height":174,"file_name":"021.jpeg","license":0,"date_captured":""},{"id":23,"width":275,"height":183,"file_name":"023.jpeg","license":0,"date_captured":""},{"id":25,"width":275,"height":183,"file_name":"025.jpeg","license":0,"date_captured":""},{"id":27,"width":275,"height":183,"file_name":"027.jpeg","license":0,"date_captured":""},{"id":29,"width":275,"height":183,"file_name":"029.jpeg","license":0,"date_captured":""},{"id":30,"width":259,"height":194,"file_name":"030.jpeg","license":0,"date_captured":""},{"id":32,"width":300,"height":168,"file_name":"032.jpeg","license":0,"date_captured":""},{"id":33,"width":225,"height":225,"file_name":"033.jpeg","license":0,"date_captured":""},{"id":35,"width":276,"height":183,"file_name":"035.jpeg","license":0,"date_captured":""},{"id":36,"width":276,"height":183,"file_name":"036.jpeg","license":0,"date_captured":""},{"id":37,"width":266,"height":190,"file_name":"037.jpeg","license":0,"date_captured":""},{"id":38,"width":275,"height":183,"file_name":"038.jpeg","license":0,"date_captured":""},{"id":39,"width":259,"height":194,"file_name":"039.jpeg","license":0,"date_captured":""},{"id":40,"width":259,"height":194,"file_name":"040.jpeg","license":0,"date_captured":""},{"id":41,"width":316,"height":160,"file_name":"041.jpeg","license":0,"date_captured":""},{"id":43,"width":318,"height":159,"file_name":"043.jpeg","license":0,"date_captured":""},{"id":44,"width":276,"height":183,"file_name":"044.jpeg","license":0,"date_captured":""},{"id":45,"width":274,"height":184,"file_name":"045.jpeg","license":0,"date_captured":""},{"id":47,"width":225,"height":225,"file_name":"047.jpeg","license":0,"date_captured":""},{"id":48,"width":275,"height":183,"file_name":"048.jpeg","license":0,"date_captured":""},{"id":49,"width":169,"height":297,"file_name":"049.jpeg","license":0,"date_captured":""},{"id":50,"width":274,"height":184,"file_name":"050.jpeg","license":0,"date_captured":""},{"id":51,"width":185,"height":273,"file_name":"051.jpeg","license":0,"date_captured":""},{"id":52,"width":259,"height":194,"file_name":"052.jpeg","license":0,"date_captured":""},{"id":53,"width":183,"height":275,"file_name":"053.jpeg","license":0,"date_captured":""},{"id":54,"width":259,"height":194,"file_name":"054.jpeg","license":0,"date_captured":""},{"id":55,"width":318,"height":159,"file_name":"055.jpeg","license":0,"date_captured":""},{"id":56,"width":275,"height":183,"file_name":"056.jpeg","license":0,"date_captured":""},{"id":57,"width":260,"height":194,"file_name":"057.jpeg","license":0,"date_captured":""},{"id":58,"width":294,"height":171,"file_name":"058.jpeg","license":0,"date_captured":""},{"id":59,"width":201,"height":251,"file_name":"059.jpeg","license":0,"date_captured":""},{"id":60,"width":233,"height":216,"file_name":"060.jpeg","license":0,"date_captured":""},{"id":61,"width":311,"height":162,"file_name":"061.jpeg","license":0,"date_captured":""},{"id":62,"width":213,"height":236,"file_name":"062.jpeg","license":0,"date_captured":""},{"id":63,"width":225,"height":225,"file_name":"063.jpeg","license":0,"date_captured":""},{"id":64,"width":184,"height":274,"file_name":"064.jpeg","license":0,"date_captured":""},{"id":65,"width":297,"height":170,"file_name":"065.jpeg","license":0,"date_captured":""},{"id":67,"width":259,"height":194,"file_name":"067.jpeg","license":0,"date_captured":""},{"id":68,"width":275,"height":183,"file_name":"068.jpeg","license":0,"date_captured":""},{"id":69,"width":275,"height":183,"file_name":"069.jpeg","license":0,"date_captured":""},{"id":70,"width":300,"height":168,"file_name":"070.jpeg","license":0,"date_captured":""},{"id":71,"width":340,"height":148,"file_name":"071.jpeg","license":0,"date_captured":""},{"id":74,"width":300,"height":168,"file_name":"074.jpeg","license":0,"date_captured":""},{"id":76,"width":259,"height":194,"file_name":"076.jpeg","license":0,"date_captured":""},{"id":77,"width":300,"height":168,"file_name":"077.jpeg","license":0,"date_captured":""},{"id":79,"width":254,"height":199,"file_name":"079.jpeg","license":0,"date_captured":""},{"id":80,"width":300,"height":168,"file_name":"080.jpeg","license":0,"date_captured":""},{"id":82,"width":299,"height":168,"file_name":"082.jpeg","license":0,"date_captured":""},{"id":83,"width":201,"height":251,"file_name":"083.jpeg","license":0,"date_captured":""},{"id":84,"width":301,"height":168,"file_name":"084.jpeg","license":0,"date_captured":""},{"id":85,"width":282,"height":179,"file_name":"085.jpeg","license":0,"date_captured":""},{"id":86,"width":275,"height":183,"file_name":"086.jpeg","license":0,"date_captured":""},{"id":87,"width":300,"height":168,"file_name":"087.jpeg","license":0,"date_captured":""},{"id":90,"width":259,"height":194,"file_name":"090.jpeg","license":0,"date_captured":""},{"id":92,"width":276,"height":182,"file_name":"092.jpeg","license":0,"date_captured":""},{"id":93,"width":298,"height":169,"file_name":"093.jpeg","license":0,"date_captured":""},{"id":94,"width":259,"height":194,"file_name":"094.jpeg","license":0,"date_captured":""},{"id":95,"width":300,"height":168,"file_name":"095.jpeg","license":0,"date_captured":""},{"id":96,"width":259,"height":194,"file_name":"096.jpeg","license":0,"date_captured":""},{"id":99,"width":300,"height":168,"file_name":"099.jpeg","license":0,"date_captured":""},{"id":91,"width":275,"height":183,"file_name":"091.jpeg","license":0,"date_captured":""},{"id":101,"width":318,"height":159,"file_name":"101.jpeg","license":0,"date_captured":""},{"id":102,"width":200,"height":200,"file_name":"102.jpeg","license":0,"date_captured":""},{"id":103,"width":300,"height":168,"file_name":"103.jpeg","license":0,"date_captured":""},{"id":105,"width":298,"height":169,"file_name":"105.jpeg","license":0,"date_captured":""},{"id":106,"width":275,"height":183,"file_name":"106.jpeg","license":0,"date_captured":""},{"id":107,"width":266,"height":190,"file_name":"107.jpeg","license":0,"date_captured":""},{"id":108,"width":259,"height":194,"file_name":"108.jpeg","license":0,"date_captured":""},{"id":109,"width":284,"height":177,"file_name":"109.jpeg","license":0,"date_captured":""},{"id":110,"width":300,"height":168,"file_name":"110.jpeg","license":0,"date_captured":""},{"id":111,"width":296,"height":170,"file_name":"111.jpeg","license":0,"date_captured":""},{"id":112,"width":275,"height":183,"file_name":"112.jpeg","license":0,"date_captured":""},{"id":115,"width":259,"height":194,"file_name":"115.jpeg","license":0,"date_captured":""},{"id":116,"width":348,"height":145,"file_name":"116.jpeg","license":0,"date_captured":""},{"id":117,"width":284,"height":177,"file_name":"117.jpeg","license":0,"date_captured":""},{"id":118,"width":300,"height":168,"file_name":"118.jpeg","license":0,"date_captured":""},{"id":120,"width":300,"height":168,"file_name":"120.jpeg","license":0,"date_captured":""},{"id":122,"width":310,"height":163,"file_name":"122.jpeg","license":0,"date_captured":""},{"id":123,"width":259,"height":194,"file_name":"123.jpeg","license":0,"date_captured":""},{"id":124,"width":195,"height":258,"file_name":"124.jpeg","license":0,"date_captured":""},{"id":125,"width":299,"height":168,"file_name":"125.jpeg","license":0,"date_captured":""},{"id":126,"width":300,"height":168,"file_name":"126.jpeg","license":0,"date_captured":""},{"id":127,"width":318,"height":159,"file_name":"127.jpeg","license":0,"date_captured":""},{"id":129,"width":276,"height":183,"file_name":"129.jpeg","license":0,"date_captured":""},{"id":130,"width":275,"height":183,"file_name":"130.jpeg","license":0,"date_captured":""},{"id":131,"width":300,"height":168,"file_name":"131.jpeg","license":0,"date_captured":""},{"id":133,"width":225,"height":225,"file_name":"133.jpeg","license":0,"date_captured":""},{"id":135,"width":220,"height":165,"file_name":"135.jpeg","license":0,"date_captured":""},{"id":136,"width":297,"height":170,"file_name":"136.jpeg","license":0,"date_captured":""},{"id":137,"width":300,"height":168,"file_name":"137.jpeg","license":0,"date_captured":""},{"id":138,"width":300,"height":168,"file_name":"138.jpeg","license":0,"date_captured":""},{"id":140,"width":1300,"height":956,"file_name":"140.jpg","license":0,"date_captured":""},{"id":141,"width":188,"height":268,"file_name":"141.jpeg","license":0,"date_captured":""},{"id":142,"width":262,"height":192,"file_name":"142.jpeg","license":0,"date_captured":""},{"id":144,"width":275,"height":183,"file_name":"144.jpeg","license":0,"date_captured":""},{"id":146,"width":225,"height":225,"file_name":"146.jpeg","license":0,"date_captured":""},{"id":147,"width":300,"height":168,"file_name":"147.jpeg","license":0,"date_captured":""},{"id":148,"width":281,"height":180,"file_name":"148.jpeg","license":0,"date_captured":""},{"id":149,"width":1280,"height":960,"file_name":"149.jpg","license":0,"date_captured":""},{"id":150,"width":262,"height":192,"file_name":"150.jpeg","license":0,"date_captured":""},{"id":151,"width":300,"height":168,"file_name":"151.jpeg","license":0,"date_captured":""},{"id":152,"width":271,"height":180,"file_name":"152.jpeg","license":0,"date_captured":""},{"id":153,"width":270,"height":180,"file_name":"153.jpeg","license":0,"date_captured":""},{"id":154,"width":297,"height":170,"file_name":"154.jpeg","license":0,"date_captured":""},{"id":156,"width":259,"height":195,"file_name":"156.jpeg","license":0,"date_captured":""},{"id":157,"width":194,"height":259,"file_name":"157.jpeg","license":0,"date_captured":""},{"id":159,"width":241,"height":180,"file_name":"159.jpeg","license":0,"date_captured":""},{"id":160,"width":259,"height":194,"file_name":"160.jpeg","license":0,"date_captured":""},{"id":161,"width":296,"height":170,"file_name":"161.jpeg","license":0,"date_captured":""},{"id":162,"width":262,"height":192,"file_name":"162.jpeg","license":0,"date_captured":""},{"id":163,"width":259,"height":194,"file_name":"163.jpeg","license":0,"date_captured":""},{"id":165,"width":261,"height":193,"file_name":"165.jpeg","license":0,"date_captured":""},{"id":166,"width":276,"height":183,"file_name":"166.jpeg","license":0,"date_captured":""},{"id":168,"width":240,"height":180,"file_name":"168.jpeg","license":0,"date_captured":""},{"id":169,"width":299,"height":168,"file_name":"169.jpeg","license":0,"date_captured":""},{"id":170,"width":277,"height":182,"file_name":"170.jpeg","license":0,"date_captured":""},{"id":171,"width":180,"height":180,"file_name":"171.jpeg","license":0,"date_captured":""},{"id":174,"width":275,"height":183,"file_name":"174.jpeg","license":0,"date_captured":""},{"id":175,"width":225,"height":180,"file_name":"175.jpeg","license":0,"date_captured":""},{"id":176,"width":283,"height":178,"file_name":"176.jpeg","license":0,"date_captured":""},{"id":178,"width":259,"height":194,"file_name":"178.jpeg","license":0,"date_captured":""},{"id":179,"width":300,"height":168,"file_name":"179.jpeg","license":0,"date_captured":""},{"id":180,"width":257,"height":196,"file_name":"180.jpeg","license":0,"date_captured":""},{"id":181,"width":240,"height":180,"file_name":"181.jpeg","license":0,"date_captured":""},{"id":182,"width":262,"height":192,"file_name":"182.jpeg","license":0,"date_captured":""},{"id":183,"width":225,"height":225,"file_name":"183.jpeg","license":0,"date_captured":""},{"id":184,"width":318,"height":159,"file_name":"184.jpeg","license":0,"date_captured":""},{"id":185,"width":240,"height":180,"file_name":"185.jpeg","license":0,"date_captured":""},{"id":187,"width":225,"height":180,"file_name":"187.jpeg","license":0,"date_captured":""},{"id":188,"width":260,"height":194,"file_name":"188.jpeg","license":0,"date_captured":""},{"id":189,"width":259,"height":194,"file_name":"189.jpeg","license":0,"date_captured":""},{"id":190,"width":259,"height":194,"file_name":"190.jpeg","license":0,"date_captured":""},{"id":192,"width":243,"height":207,"file_name":"192.jpeg","license":0,"date_captured":""},{"id":193,"width":276,"height":183,"file_name":"193.jpeg","license":0,"date_captured":""},{"id":194,"width":259,"height":194,"file_name":"194.jpeg","license":0,"date_captured":""},{"id":196,"width":259,"height":194,"file_name":"196.jpeg","license":0,"date_captured":""},{"id":197,"width":257,"height":196,"file_name":"197.jpeg","license":0,"date_captured":""},{"id":199,"width":275,"height":183,"file_name":"199.jpeg","license":0,"date_captured":""},{"id":200,"width":257,"height":196,"file_name":"200.jpeg","license":0,"date_captured":""},{"id":251,"width":259,"height":194,"file_name":"251.jpeg","license":0,"date_captured":""},{"id":252,"width":205,"height":246,"file_name":"252.jpeg","license":0,"date_captured":""},{"id":253,"width":277,"height":182,"file_name":"253.jpeg","license":0,"date_captured":""},{"id":255,"width":259,"height":194,"file_name":"255.jpeg","license":0,"date_captured":""},{"id":256,"width":300,"height":168,"file_name":"256.jpeg","license":0,"date_captured":""},{"id":258,"width":275,"height":183,"file_name":"258.jpeg","license":0,"date_captured":""},{"id":259,"width":194,"height":259,"file_name":"259.jpeg","license":0,"date_captured":""},{"id":261,"width":256,"height":197,"file_name":"261.jpeg","license":0,"date_captured":""},{"id":263,"width":275,"height":183,"file_name":"263.jpeg","license":0,"date_captured":""},{"id":264,"width":260,"height":194,"file_name":"264.jpeg","license":0,"date_captured":""},{"id":265,"width":259,"height":194,"file_name":"265.jpeg","license":0,"date_captured":""},{"id":267,"width":300,"height":168,"file_name":"267.jpeg","license":0,"date_captured":""},{"id":268,"width":183,"height":275,"file_name":"268.jpeg","license":0,"date_captured":""},{"id":269,"width":275,"height":183,"file_name":"269.jpeg","license":0,"date_captured":""},{"id":270,"width":259,"height":194,"file_name":"270.jpeg","license":0,"date_captured":""},{"id":271,"width":294,"height":171,"file_name":"271.jpeg","license":0,"date_captured":""},{"id":272,"width":194,"height":259,"file_name":"272.jpeg","license":0,"date_captured":""},{"id":273,"width":227,"height":222,"file_name":"273.jpeg","license":0,"date_captured":""},{"id":274,"width":300,"height":168,"file_name":"274.jpeg","license":0,"date_captured":""},{"id":275,"width":286,"height":176,"file_name":"275.jpeg","license":0,"date_captured":""},{"id":276,"width":194,"height":260,"file_name":"276.jpeg","license":0,"date_captured":""},{"id":278,"width":178,"height":282,"file_name":"278.jpeg","license":0,"date_captured":""},{"id":279,"width":259,"height":194,"file_name":"279.jpeg","license":0,"date_captured":""},{"id":281,"width":255,"height":198,"file_name":"281.jpeg","license":0,"date_captured":""},{"id":282,"width":259,"height":195,"file_name":"282.jpeg","license":0,"date_captured":""},{"id":284,"width":194,"height":259,"file_name":"284.jpeg","license":0,"date_captured":""},{"id":285,"width":270,"height":186,"file_name":"285.jpeg","license":0,"date_captured":""},{"id":286,"width":173,"height":292,"file_name":"286.jpeg","license":0,"date_captured":""},{"id":287,"width":327,"height":154,"file_name":"287.jpeg","license":0,"date_captured":""},{"id":288,"width":275,"height":183,"file_name":"288.jpeg","license":0,"date_captured":""},{"id":289,"width":257,"height":196,"file_name":"289.jpeg","license":0,"date_captured":""},{"id":290,"width":259,"height":194,"file_name":"290.jpeg","license":0,"date_captured":""},{"id":291,"width":301,"height":167,"file_name":"291.jpeg","license":0,"date_captured":""},{"id":293,"width":300,"height":168,"file_name":"293.jpeg","license":0,"date_captured":""},{"id":294,"width":177,"height":285,"file_name":"294.jpeg","license":0,"date_captured":""},{"id":295,"width":275,"height":183,"file_name":"295.jpeg","license":0,"date_captured":""},{"id":297,"width":225,"height":225,"file_name":"297.jpeg","license":0,"date_captured":""},{"id":298,"width":259,"height":194,"file_name":"298.jpeg","license":0,"date_captured":""},{"id":300,"width":275,"height":183,"file_name":"300.jpeg","license":0,"date_captured":""},{"id":201,"width":275,"height":183,"file_name":"201.jpeg","license":0,"date_captured":""},{"id":203,"width":275,"height":183,"file_name":"203.jpeg","license":0,"date_captured":""},{"id":204,"width":300,"height":168,"file_name":"204.jpeg","license":0,"date_captured":""},{"id":206,"width":300,"height":168,"file_name":"206.jpeg","license":0,"date_captured":""},{"id":207,"width":277,"height":182,"file_name":"207.jpeg","license":0,"date_captured":""},{"id":208,"width":300,"height":168,"file_name":"208.jpeg","license":0,"date_captured":""},{"id":210,"width":310,"height":163,"file_name":"210.jpeg","license":0,"date_captured":""},{"id":211,"width":259,"height":194,"file_name":"211.jpeg","license":0,"date_captured":""},{"id":212,"width":275,"height":183,"file_name":"212.jpeg","license":0,"date_captured":""},{"id":213,"width":273,"height":184,"file_name":"213.jpeg","license":0,"date_captured":""},{"id":215,"width":260,"height":194,"file_name":"215.jpeg","license":0,"date_captured":""},{"id":216,"width":268,"height":188,"file_name":"216.jpeg","license":0,"date_captured":""},{"id":217,"width":300,"height":168,"file_name":"217.jpeg","license":0,"date_captured":""},{"id":219,"width":275,"height":183,"file_name":"219.jpeg","license":0,"date_captured":""},{"id":220,"width":275,"height":183,"file_name":"220.jpeg","license":0,"date_captured":""},{"id":221,"width":275,"height":183,"file_name":"221.jpeg","license":0,"date_captured":""},{"id":223,"width":299,"height":168,"file_name":"223.jpeg","license":0,"date_captured":""},{"id":224,"width":225,"height":225,"file_name":"224.jpeg","license":0,"date_captured":""},{"id":225,"width":275,"height":183,"file_name":"225.jpeg","license":0,"date_captured":""},{"id":226,"width":276,"height":182,"file_name":"226.jpeg","license":0,"date_captured":""},{"id":227,"width":323,"height":156,"file_name":"227.jpeg","license":0,"date_captured":""},{"id":229,"width":300,"height":168,"file_name":"229.jpeg","license":0,"date_captured":""},{"id":231,"width":286,"height":176,"file_name":"231.jpeg","license":0,"date_captured":""},{"id":232,"width":285,"height":177,"file_name":"232.jpeg","license":0,"date_captured":""},{"id":234,"width":300,"height":168,"file_name":"234.jpeg","license":0,"date_captured":""},{"id":235,"width":290,"height":174,"file_name":"235.jpeg","license":0,"date_captured":""},{"id":237,"width":298,"height":169,"file_name":"237.jpeg","license":0,"date_captured":""},{"id":238,"width":299,"height":168,"file_name":"238.jpeg","license":0,"date_captured":""},{"id":239,"width":275,"height":183,"file_name":"239.jpeg","license":0,"date_captured":""},{"id":240,"width":275,"height":183,"file_name":"240.jpeg","license":0,"date_captured":""},{"id":241,"width":261,"height":193,"file_name":"241.jpeg","license":0,"date_captured":""},{"id":242,"width":259,"height":194,"file_name":"242.jpeg","license":0,"date_captured":""},{"id":244,"width":225,"height":225,"file_name":"244.jpeg","license":0,"date_captured":""},{"id":245,"width":277,"height":182,"file_name":"245.jpeg","license":0,"date_captured":""},{"id":246,"width":302,"height":167,"file_name":"246.jpeg","license":0,"date_captured":""},{"id":247,"width":300,"height":168,"file_name":"247.jpeg","license":0,"date_captured":""},{"id":248,"width":414,"height":122,"file_name":"248.jpeg","license":0,"date_captured":""},{"id":249,"width":275,"height":183,"file_name":"249.jpeg","license":0,"date_captured":""},{"id":250,"width":275,"height":183,"file_name":"250.jpeg","license":0,"date_captured":""}],"annotations":[{"segmentation":[[0,14,182,14,182,166,0,166]],"area":27664,"bbox":[0,14,182,152],"iscrowd":0,"id":1,"image_id":1,"category_id":null},{"segmentation":[[209,54,241,54,241,86,209,86]],"area":1024,"bbox":[209,54,32,32],"iscrowd":0,"id":2,"image_id":1,"category_id":null},{"segmentation":[[183,58,209,58,209,92,183,92]],"area":884,"bbox":[183,58,26,34],"iscrowd":0,"id":3,"image_id":1,"category_id":null},{"segmentation":[[249,155,771,155,771,468,249,468]],"area":163386,"bbox":[249,155,522,313],"iscrowd":0,"id":4,"image_id":2,"category_id":null},{"segmentation":[[260,352,360,352,360,504,260,504]],"area":15200,"bbox":[260,352,100,152],"iscrowd":0,"id":5,"image_id":2,"category_id":null},{"segmentation":[[168,285,214,285,214,362,168,362]],"area":3542,"bbox":[168,285,46,77],"iscrowd":0,"id":6,"image_id":2,"category_id":null},{"segmentation":[[218,287,242,287,242,362,218,362]],"area":1800,"bbox":[218,287,24,75],"iscrowd":0,"id":7,"image_id":2,"category_id":null},{"segmentation":[[190,87,244,87,244,152,190,152]],"area":3510,"bbox":[190,87,54,65],"iscrowd":0,"id":8,"image_id":2,"category_id":null},{"segmentation":[[81,52,515,52,515,340,81,340]],"area":124992,"bbox":[81,52,434,288],"iscrowd":0,"id":9,"image_id":3,"category_id":null},{"segmentation":[[9,15,266,15,266,146,9,146]],"area":33667,"bbox":[9,15,257,131],"iscrowd":0,"id":10,"image_id":4,"category_id":null},{"segmentation":[[51,42,335,42,335,144,51,144]],"area":28968,"bbox":[51,42,284,102],"iscrowd":0,"id":11,"image_id":5,"category_id":null},{"segmentation":[[0,54,245,54,245,161,0,161]],"area":26215,"bbox":[0,54,245,107],"iscrowd":0,"id":12,"image_id":7,"category_id":null},{"segmentation":[[154,28,251,28,251,74,154,74]],"area":4462,"bbox":[154,28,97,46],"iscrowd":0,"id":13,"image_id":7,"category_id":null},{"segmentation":[[117,28,219,28,219,146,117,146]],"area":12036,"bbox":[117,28,102,118],"iscrowd":0,"id":14,"image_id":8,"category_id":null},{"segmentation":[[91,36,133,36,133,71,91,71]],"area":1470,"bbox":[91,36,42,35],"iscrowd":0,"id":15,"image_id":8,"category_id":null},{"segmentation":[[11,14,294,14,294,141,11,141]],"area":35941,"bbox":[11,14,283,127],"iscrowd":0,"id":16,"image_id":9,"category_id":null},{"segmentation":[[77,69,229,69,229,165,77,165]],"area":14592,"bbox":[77,69,152,96],"iscrowd":0,"id":17,"image_id":10,"category_id":null},{"segmentation":[[32,38,241,38,241,170,32,170]],"area":27588,"bbox":[32,38,209,132],"iscrowd":0,"id":18,"image_id":12,"category_id":null},{"segmentation":[[31,21,238,21,238,181,31,181]],"area":33120,"bbox":[31,21,207,160],"iscrowd":0,"id":19,"image_id":13,"category_id":null},{"segmentation":[[209,6,257,6,257,80,209,80]],"area":3552,"bbox":[209,6,48,74],"iscrowd":0,"id":20,"image_id":13,"category_id":null},{"segmentation":[[11,86,39,86,39,126,11,126]],"area":1120,"bbox":[11,86,28,40],"iscrowd":0,"id":21,"image_id":13,"category_id":null},{"segmentation":[[127,16,157,16,157,38,127,38]],"area":660,"bbox":[127,16,30,22],"iscrowd":0,"id":22,"image_id":13,"category_id":null},{"segmentation":[[38,32,241,32,241,162,38,162]],"area":26390,"bbox":[38,32,203,130],"iscrowd":0,"id":23,"image_id":14,"category_id":null},{"segmentation":[[91,8,131,8,131,36,91,36]],"area":1120,"bbox":[91,8,40,28],"iscrowd":0,"id":24,"image_id":14,"category_id":null},{"segmentation":[[18,2,255,2,255,154,18,154]],"area":36024,"bbox":[18,2,237,152],"iscrowd":0,"id":25,"image_id":16,"category_id":null},{"segmentation":[[17,29,178,29,178,258,17,258]],"area":36869,"bbox":[17,29,161,229],"iscrowd":0,"id":26,"image_id":17,"category_id":null},{"segmentation":[[81,12,286,12,286,160,81,160]],"area":30340,"bbox":[81,12,205,148],"iscrowd":0,"id":27,"image_id":18,"category_id":null},{"segmentation":[[64,44,80,44,80,68,64,68]],"area":384,"bbox":[64,44,16,24],"iscrowd":0,"id":28,"image_id":18,"category_id":null},{"segmentation":[[21,94,43,94,43,148,21,148]],"area":1188,"bbox":[21,94,22,54],"iscrowd":0,"id":29,"image_id":18,"category_id":null},{"segmentation":[[57,8,297,8,297,163,57,163]],"area":37200,"bbox":[57,8,240,155],"iscrowd":0,"id":30,"image_id":19,"category_id":null},{"segmentation":[[29,24,192,24,192,160,29,160]],"area":22168,"bbox":[29,24,163,136],"iscrowd":0,"id":31,"image_id":20,"category_id":null},{"segmentation":[[208,77,245,77,245,143,208,143]],"area":2442,"bbox":[208,77,37,66],"iscrowd":0,"id":32,"image_id":20,"category_id":null},{"segmentation":[[6,22,283,22,283,158,6,158]],"area":37672,"bbox":[6,22,277,136],"iscrowd":0,"id":33,"image_id":21,"category_id":null},{"segmentation":[[173,32,194,32,194,55,173,55]],"area":483,"bbox":[173,32,21,23],"iscrowd":0,"id":34,"image_id":21,"category_id":null},{"segmentation":[[15,18,267,18,267,179,15,179]],"area":40572,"bbox":[15,18,252,161],"iscrowd":0,"id":35,"image_id":23,"category_id":null},{"segmentation":[[174,0,216,0,216,36,174,36]],"area":1512,"bbox":[174,0,42,36],"iscrowd":0,"id":36,"image_id":23,"category_id":null},{"segmentation":[[218,18,268,18,268,46,218,46]],"area":1400,"bbox":[218,18,50,28],"iscrowd":0,"id":37,"image_id":23,"category_id":null},{"segmentation":[[40,93,79,93,79,134,40,134]],"area":1599,"bbox":[40,93,39,41],"iscrowd":0,"id":38,"image_id":25,"category_id":null},{"segmentation":[[69,6,231,6,231,177,69,177]],"area":27702,"bbox":[69,6,162,171],"iscrowd":0,"id":39,"image_id":25,"category_id":null},{"segmentation":[[110,2,274,2,274,182,110,182]],"area":29520,"bbox":[110,2,164,180],"iscrowd":0,"id":40,"image_id":27,"category_id":null},{"segmentation":[[11,23,117,23,117,131,11,131]],"area":11448,"bbox":[11,23,106,108],"iscrowd":0,"id":41,"image_id":27,"category_id":null},{"segmentation":[[73,70,226,70,226,116,73,116]],"area":7038,"bbox":[73,70,153,46],"iscrowd":0,"id":42,"image_id":29,"category_id":null},{"segmentation":[[18,34,223,34,223,160,18,160]],"area":25830,"bbox":[18,34,205,126],"iscrowd":0,"id":43,"image_id":30,"category_id":null},{"segmentation":[[110,60,199,60,199,116,110,116]],"area":4984,"bbox":[110,60,89,56],"iscrowd":0,"id":44,"image_id":32,"category_id":null},{"segmentation":[[40,6,259,6,259,157,40,157]],"area":33069,"bbox":[40,6,219,151],"iscrowd":0,"id":45,"image_id":32,"category_id":null},{"segmentation":[[41,0,221,0,221,190,41,190]],"area":34200,"bbox":[41,0,180,190],"iscrowd":0,"id":46,"image_id":33,"category_id":null},{"segmentation":[[18,88,49,88,49,140,18,140]],"area":1612,"bbox":[18,88,31,52],"iscrowd":0,"id":47,"image_id":33,"category_id":null},{"segmentation":[[55,107,82,107,82,140,55,140]],"area":891,"bbox":[55,107,27,33],"iscrowd":0,"id":48,"image_id":33,"category_id":null},{"segmentation":[[43,54,239,54,239,176,43,176]],"area":23912,"bbox":[43,54,196,122],"iscrowd":0,"id":49,"image_id":35,"category_id":null},{"segmentation":[[173,21,217,21,217,60,173,60]],"area":1716,"bbox":[173,21,44,39],"iscrowd":0,"id":50,"image_id":35,"category_id":null},{"segmentation":[[46,13,250,13,250,156,46,156]],"area":29172,"bbox":[46,13,204,143],"iscrowd":0,"id":51,"image_id":36,"category_id":null},{"segmentation":[[53,16,216,16,216,150,53,150]],"area":21842,"bbox":[53,16,163,134],"iscrowd":0,"id":52,"image_id":37,"category_id":null},{"segmentation":[[21,20,251,20,251,161,21,161]],"area":32430,"bbox":[21,20,230,141],"iscrowd":0,"id":53,"image_id":38,"category_id":null},{"segmentation":[[29,28,181,28,181,146,29,146]],"area":17936,"bbox":[29,28,152,118],"iscrowd":0,"id":54,"image_id":39,"category_id":null},{"segmentation":[[183,25,235,25,235,94,183,94]],"area":3588,"bbox":[183,25,52,69],"iscrowd":0,"id":55,"image_id":39,"category_id":null},{"segmentation":[[3,142,224,142,224,214,3,214]],"area":15912,"bbox":[3,142,221,72],"iscrowd":0,"id":56,"image_id":40,"category_id":null},{"segmentation":[[16,15,77,15,77,50,16,50]],"area":2135,"bbox":[16,15,61,35],"iscrowd":0,"id":57,"image_id":40,"category_id":null},{"segmentation":[[93,99,142,99,142,128,93,128]],"area":1421,"bbox":[93,99,49,29],"iscrowd":0,"id":58,"image_id":40,"category_id":null},{"segmentation":[[88,56,313,56,313,157,88,157]],"area":22725,"bbox":[88,56,225,101],"iscrowd":0,"id":59,"image_id":41,"category_id":null},{"segmentation":[[13,24,315,24,315,156,13,156]],"area":39864,"bbox":[13,24,302,132],"iscrowd":0,"id":60,"image_id":43,"category_id":null},{"segmentation":[[162,40,313,40,313,115,162,115]],"area":11325,"bbox":[162,40,151,75],"iscrowd":0,"id":61,"image_id":43,"category_id":null},{"segmentation":[[63,31,271,31,271,174,63,174]],"area":29744,"bbox":[63,31,208,143],"iscrowd":0,"id":62,"image_id":44,"category_id":null},{"segmentation":[[49,24,175,24,175,149,49,149]],"area":15750,"bbox":[49,24,126,125],"iscrowd":0,"id":63,"image_id":45,"category_id":null},{"segmentation":[[181,96,232,96,232,151,181,151]],"area":2805,"bbox":[181,96,51,55],"iscrowd":0,"id":64,"image_id":45,"category_id":null},{"segmentation":[[27,26,211,26,211,215,27,215]],"area":34776,"bbox":[27,26,184,189],"iscrowd":0,"id":65,"image_id":47,"category_id":null},{"segmentation":[[9,96,273,96,273,183,9,183]],"area":22968,"bbox":[9,96,264,87],"iscrowd":0,"id":66,"image_id":48,"category_id":null},{"segmentation":[[113,48,167,48,167,94,113,94]],"area":2484,"bbox":[113,48,54,46],"iscrowd":0,"id":67,"image_id":48,"category_id":null},{"segmentation":[[3,53,168,53,168,276,3,276]],"area":36795,"bbox":[3,53,165,223],"iscrowd":0,"id":68,"image_id":49,"category_id":null},{"segmentation":[[3,88,29,88,29,126,3,126]],"area":988,"bbox":[3,88,26,38],"iscrowd":0,"id":69,"image_id":49,"category_id":null},{"segmentation":[[45,15,195,15,195,134,45,134]],"area":17850,"bbox":[45,15,150,119],"iscrowd":0,"id":70,"image_id":50,"category_id":null},{"segmentation":[[29,10,167,10,167,259,29,259]],"area":34362,"bbox":[29,10,138,249],"iscrowd":0,"id":71,"image_id":51,"category_id":null},{"segmentation":[[41,2,243,2,243,194,41,194]],"area":38784,"bbox":[41,2,202,192],"iscrowd":0,"id":72,"image_id":52,"category_id":null},{"segmentation":[[46,8,157,8,157,272,46,272]],"area":29304,"bbox":[46,8,111,264],"iscrowd":0,"id":73,"image_id":53,"category_id":null},{"segmentation":[[131,16,253,16,253,186,131,186]],"area":20740,"bbox":[131,16,122,170],"iscrowd":0,"id":74,"image_id":54,"category_id":null},{"segmentation":[[7,13,69,13,69,156,7,156]],"area":8866,"bbox":[7,13,62,143],"iscrowd":0,"id":75,"image_id":55,"category_id":null},{"segmentation":[[79,28,183,28,183,126,79,126]],"area":10192,"bbox":[79,28,104,98],"iscrowd":0,"id":76,"image_id":55,"category_id":null},{"segmentation":[[89,0,204,0,204,180,89,180]],"area":20700,"bbox":[89,0,115,180],"iscrowd":0,"id":77,"image_id":56,"category_id":null},{"segmentation":[[13,13,110,13,110,116,13,116]],"area":9991,"bbox":[13,13,97,103],"iscrowd":0,"id":78,"image_id":57,"category_id":null},{"segmentation":[[123,7,210,7,210,188,123,188]],"area":15747,"bbox":[123,7,87,181],"iscrowd":0,"id":79,"image_id":57,"category_id":null},{"segmentation":[[129,5,259,5,259,146,129,146]],"area":18330,"bbox":[129,5,130,141],"iscrowd":0,"id":80,"image_id":58,"category_id":null},{"segmentation":[[37,9,119,9,119,138,37,138]],"area":10578,"bbox":[37,9,82,129],"iscrowd":0,"id":81,"image_id":58,"category_id":null},{"segmentation":[[25,6,117,6,117,155,25,155]],"area":13708,"bbox":[25,6,92,149],"iscrowd":0,"id":82,"image_id":59,"category_id":null},{"segmentation":[[30,20,218,20,218,201,30,201]],"area":34028,"bbox":[30,20,188,181],"iscrowd":0,"id":83,"image_id":60,"category_id":null},{"segmentation":[[148,3,213,3,213,144,148,144]],"area":9165,"bbox":[148,3,65,141],"iscrowd":0,"id":84,"image_id":61,"category_id":null},{"segmentation":[[222,34,305,34,305,161,222,161]],"area":10541,"bbox":[222,34,83,127],"iscrowd":0,"id":85,"image_id":61,"category_id":null},{"segmentation":[[121,2,209,2,209,231,121,231]],"area":20152,"bbox":[121,2,88,229],"iscrowd":0,"id":86,"image_id":62,"category_id":null},{"segmentation":[[43,3,122,3,122,236,43,236]],"area":18407,"bbox":[43,3,79,233],"iscrowd":0,"id":87,"image_id":62,"category_id":null},{"segmentation":[[86,44,155,44,155,225,86,225]],"area":12489,"bbox":[86,44,69,181],"iscrowd":0,"id":88,"image_id":63,"category_id":null},{"segmentation":[[146,27,215,27,215,208,146,208]],"area":12489,"bbox":[146,27,69,181],"iscrowd":0,"id":89,"image_id":63,"category_id":null},{"segmentation":[[14,14,83,14,83,195,14,195]],"area":12489,"bbox":[14,14,69,181],"iscrowd":0,"id":90,"image_id":63,"category_id":null},{"segmentation":[[76,21,132,21,132,235,76,235]],"area":11984,"bbox":[76,21,56,214],"iscrowd":0,"id":91,"image_id":64,"category_id":null},{"segmentation":[[5,54,61,54,61,268,5,268]],"area":11984,"bbox":[5,54,56,214],"iscrowd":0,"id":92,"image_id":64,"category_id":null},{"segmentation":[[123,4,265,4,265,156,123,156]],"area":21584,"bbox":[123,4,142,152],"iscrowd":0,"id":93,"image_id":65,"category_id":null},{"segmentation":[[64,10,145,10,145,161,64,161]],"area":12231,"bbox":[64,10,81,151],"iscrowd":0,"id":94,"image_id":65,"category_id":null},{"segmentation":[[3,11,105,11,105,190,3,190]],"area":18258,"bbox":[3,11,102,179],"iscrowd":0,"id":95,"image_id":67,"category_id":null},{"segmentation":[[89,12,179,12,179,110,89,110]],"area":8820,"bbox":[89,12,90,98],"iscrowd":0,"id":96,"image_id":68,"category_id":null},{"segmentation":[[178,54,263,54,263,167,178,167]],"area":9605,"bbox":[178,54,85,113],"iscrowd":0,"id":97,"image_id":69,"category_id":null},{"segmentation":[[121,4,163,4,163,51,121,51]],"area":1974,"bbox":[121,4,42,47],"iscrowd":0,"id":98,"image_id":69,"category_id":null},{"segmentation":[[167,4,221,4,221,43,167,43]],"area":2106,"bbox":[167,4,54,39],"iscrowd":0,"id":99,"image_id":69,"category_id":null},{"segmentation":[[72,16,113,16,113,74,72,74]],"area":2378,"bbox":[72,16,41,58],"iscrowd":0,"id":100,"image_id":69,"category_id":null},{"segmentation":[[115,20,170,20,170,94,115,94]],"area":4070,"bbox":[115,20,55,74],"iscrowd":0,"id":101,"image_id":70,"category_id":null},{"segmentation":[[147,0,227,0,227,42,147,42]],"area":3360,"bbox":[147,0,80,42],"iscrowd":0,"id":102,"image_id":70,"category_id":null},{"segmentation":[[145,38,205,38,205,110,145,110]],"area":4320,"bbox":[145,38,60,72],"iscrowd":0,"id":103,"image_id":71,"category_id":null},{"segmentation":[[96,8,137,8,137,100,96,100]],"area":3772,"bbox":[96,8,41,92],"iscrowd":0,"id":104,"image_id":74,"category_id":null},{"segmentation":[[139,10,167,10,167,100,139,100]],"area":2520,"bbox":[139,10,28,90],"iscrowd":0,"id":105,"image_id":74,"category_id":null},{"segmentation":[[12,34,105,34,105,177,12,177]],"area":13299,"bbox":[12,34,93,143],"iscrowd":0,"id":106,"image_id":76,"category_id":null},{"segmentation":[[121,70,177,70,177,150,121,150]],"area":4480,"bbox":[121,70,56,80],"iscrowd":0,"id":107,"image_id":76,"category_id":null},{"segmentation":[[101,98,145,98,145,158,101,158]],"area":2640,"bbox":[101,98,44,60],"iscrowd":0,"id":108,"image_id":77,"category_id":null},{"segmentation":[[77,6,191,6,191,171,77,171]],"area":18810,"bbox":[77,6,114,165],"iscrowd":0,"id":109,"image_id":79,"category_id":null},{"segmentation":[[139,2,193,2,193,37,139,37]],"area":1890,"bbox":[139,2,54,35],"iscrowd":0,"id":110,"image_id":80,"category_id":null},{"segmentation":[[124,27,171,27,171,80,124,80]],"area":2491,"bbox":[124,27,47,53],"iscrowd":0,"id":111,"image_id":80,"category_id":null},{"segmentation":[[149,5,227,5,227,164,149,164]],"area":12402,"bbox":[149,5,78,159],"iscrowd":0,"id":112,"image_id":82,"category_id":null},{"segmentation":[[163,0,191,0,191,87,163,87]],"area":2436,"bbox":[163,0,28,87],"iscrowd":0,"id":113,"image_id":83,"category_id":null},{"segmentation":[[137,4,165,4,165,91,137,91]],"area":2436,"bbox":[137,4,28,87],"iscrowd":0,"id":114,"image_id":83,"category_id":null},{"segmentation":[[73,3,199,3,199,151,73,151]],"area":18648,"bbox":[73,3,126,148],"iscrowd":0,"id":115,"image_id":84,"category_id":null},{"segmentation":[[103,12,203,12,203,148,103,148]],"area":13600,"bbox":[103,12,100,136],"iscrowd":0,"id":116,"image_id":85,"category_id":null},{"segmentation":[[92,3,143,3,143,101,92,101]],"area":4998,"bbox":[92,3,51,98],"iscrowd":0,"id":117,"image_id":86,"category_id":null},{"segmentation":[[187,8,215,8,215,102,187,102]],"area":2632,"bbox":[187,8,28,94],"iscrowd":0,"id":118,"image_id":86,"category_id":null},{"segmentation":[[137,11,220,11,220,143,137,143]],"area":10956,"bbox":[137,11,83,132],"iscrowd":0,"id":119,"image_id":87,"category_id":null},{"segmentation":[[7,16,99,16,99,115,7,115]],"area":9108,"bbox":[7,16,92,99],"iscrowd":0,"id":120,"image_id":90,"category_id":null},{"segmentation":[[135,29,201,29,201,184,135,184]],"area":10230,"bbox":[135,29,66,155],"iscrowd":0,"id":121,"image_id":90,"category_id":null},{"segmentation":[[112,45,151,45,151,158,112,158]],"area":4407,"bbox":[112,45,39,113],"iscrowd":0,"id":122,"image_id":92,"category_id":null},{"segmentation":[[161,50,213,50,213,159,161,159]],"area":5668,"bbox":[161,50,52,109],"iscrowd":0,"id":123,"image_id":92,"category_id":null},{"segmentation":[[133,1,227,1,227,139,133,139]],"area":12972,"bbox":[133,1,94,138],"iscrowd":0,"id":124,"image_id":93,"category_id":null},{"segmentation":[[67,21,126,21,126,154,67,154]],"area":7847,"bbox":[67,21,59,133],"iscrowd":0,"id":125,"image_id":93,"category_id":null},{"segmentation":[[7,52,81,52,81,156,7,156]],"area":7696,"bbox":[7,52,74,104],"iscrowd":0,"id":126,"image_id":94,"category_id":null},{"segmentation":[[121,1,152,1,152,112,121,112]],"area":3441,"bbox":[121,1,31,111],"iscrowd":0,"id":127,"image_id":95,"category_id":null},{"segmentation":[[90,5,121,5,121,116,90,116]],"area":3441,"bbox":[90,5,31,111],"iscrowd":0,"id":128,"image_id":95,"category_id":null},{"segmentation":[[199,30,257,30,257,182,199,182]],"area":8816,"bbox":[199,30,58,152],"iscrowd":0,"id":129,"image_id":96,"category_id":null},{"segmentation":[[139,10,183,10,183,162,139,162]],"area":6688,"bbox":[139,10,44,152],"iscrowd":0,"id":130,"image_id":96,"category_id":null},{"segmentation":[[73,35,159,35,159,187,73,187]],"area":13072,"bbox":[73,35,86,152],"iscrowd":0,"id":131,"image_id":96,"category_id":null},{"segmentation":[[139,3,163,3,163,81,139,81]],"area":1872,"bbox":[139,3,24,78],"iscrowd":0,"id":132,"image_id":99,"category_id":null},{"segmentation":[[108,3,138,3,138,86,108,86]],"area":2490,"bbox":[108,3,30,83],"iscrowd":0,"id":133,"image_id":99,"category_id":null},{"segmentation":[[83,38,187,38,187,171,83,171]],"area":13832,"bbox":[83,38,104,133],"iscrowd":0,"id":134,"image_id":91,"category_id":null},{"segmentation":[[17,1,252,1,252,153,17,153]],"area":35720,"bbox":[17,1,235,152],"iscrowd":0,"id":135,"image_id":101,"category_id":null},{"segmentation":[[17,1,252,1,252,153,17,153]],"area":35720,"bbox":[17,1,235,152],"iscrowd":0,"id":135,"image_id":101,"category_id":null},{"segmentation":[[3,6,191,6,191,173,3,173]],"area":31396,"bbox":[3,6,188,167],"iscrowd":0,"id":137,"image_id":102,"category_id":null},{"segmentation":[[3,6,191,6,191,173,3,173]],"area":31396,"bbox":[3,6,188,167],"iscrowd":0,"id":137,"image_id":102,"category_id":null},{"segmentation":[[87,10,297,10,297,166,87,166]],"area":32760,"bbox":[87,10,210,156],"iscrowd":0,"id":139,"image_id":103,"category_id":null},{"segmentation":[[87,10,297,10,297,166,87,166]],"area":32760,"bbox":[87,10,210,156],"iscrowd":0,"id":139,"image_id":103,"category_id":null},{"segmentation":[[4,6,293,6,293,166,4,166]],"area":46240,"bbox":[4,6,289,160],"iscrowd":0,"id":141,"image_id":105,"category_id":null},{"segmentation":[[4,6,293,6,293,166,4,166]],"area":46240,"bbox":[4,6,289,160],"iscrowd":0,"id":141,"image_id":105,"category_id":null},{"segmentation":[[61,6,158,6,158,60,61,60]],"area":5238,"bbox":[61,6,97,54],"iscrowd":0,"id":143,"image_id":106,"category_id":null},{"segmentation":[[61,6,158,6,158,60,61,60]],"area":5238,"bbox":[61,6,97,54],"iscrowd":0,"id":143,"image_id":106,"category_id":null},{"segmentation":[[176,37,253,37,253,112,176,112]],"area":5775,"bbox":[176,37,77,75],"iscrowd":0,"id":145,"image_id":106,"category_id":null},{"segmentation":[[176,37,253,37,253,112,176,112]],"area":5775,"bbox":[176,37,77,75],"iscrowd":0,"id":145,"image_id":106,"category_id":null},{"segmentation":[[53,99,150,99,150,178,53,178]],"area":7663,"bbox":[53,99,97,79],"iscrowd":0,"id":147,"image_id":106,"category_id":null},{"segmentation":[[53,99,150,99,150,178,53,178]],"area":7663,"bbox":[53,99,97,79],"iscrowd":0,"id":147,"image_id":106,"category_id":null},{"segmentation":[[3,27,61,27,61,76,3,76]],"area":2842,"bbox":[3,27,58,49],"iscrowd":0,"id":149,"image_id":106,"category_id":null},{"segmentation":[[3,27,61,27,61,76,3,76]],"area":2842,"bbox":[3,27,58,49],"iscrowd":0,"id":149,"image_id":106,"category_id":null},{"segmentation":[[27,17,237,17,237,186,27,186]],"area":35490,"bbox":[27,17,210,169],"iscrowd":0,"id":151,"image_id":107,"category_id":null},{"segmentation":[[27,17,237,17,237,186,27,186]],"area":35490,"bbox":[27,17,210,169],"iscrowd":0,"id":151,"image_id":107,"category_id":null},{"segmentation":[[87,26,256,26,256,185,87,185]],"area":26871,"bbox":[87,26,169,159],"iscrowd":0,"id":153,"image_id":108,"category_id":null},{"segmentation":[[87,26,256,26,256,185,87,185]],"area":26871,"bbox":[87,26,169,159],"iscrowd":0,"id":153,"image_id":108,"category_id":null},{"segmentation":[[7,10,74,10,74,81,7,81]],"area":4757,"bbox":[7,10,67,71],"iscrowd":0,"id":155,"image_id":108,"category_id":null},{"segmentation":[[7,10,74,10,74,81,7,81]],"area":4757,"bbox":[7,10,67,71],"iscrowd":0,"id":155,"image_id":108,"category_id":null},{"segmentation":[[43,63,138,63,138,103,43,103]],"area":3800,"bbox":[43,63,95,40],"iscrowd":0,"id":157,"image_id":109,"category_id":null},{"segmentation":[[43,63,138,63,138,103,43,103]],"area":3800,"bbox":[43,63,95,40],"iscrowd":0,"id":157,"image_id":109,"category_id":null},{"segmentation":[[141,61,221,61,221,138,141,138]],"area":6160,"bbox":[141,61,80,77],"iscrowd":0,"id":159,"image_id":109,"category_id":null},{"segmentation":[[141,61,221,61,221,138,141,138]],"area":6160,"bbox":[141,61,80,77],"iscrowd":0,"id":159,"image_id":109,"category_id":null},{"segmentation":[[27,102,177,102,177,176,27,176]],"area":11100,"bbox":[27,102,150,74],"iscrowd":0,"id":161,"image_id":109,"category_id":null},{"segmentation":[[27,102,177,102,177,176,27,176]],"area":11100,"bbox":[27,102,150,74],"iscrowd":0,"id":161,"image_id":109,"category_id":null},{"segmentation":[[177,40,297,40,297,148,177,148]],"area":12960,"bbox":[177,40,120,108],"iscrowd":0,"id":163,"image_id":110,"category_id":null},{"segmentation":[[177,40,297,40,297,148,177,148]],"area":12960,"bbox":[177,40,120,108],"iscrowd":0,"id":163,"image_id":110,"category_id":null},{"segmentation":[[5,31,156,31,156,152,5,152]],"area":18271,"bbox":[5,31,151,121],"iscrowd":0,"id":165,"image_id":110,"category_id":null},{"segmentation":[[5,31,156,31,156,152,5,152]],"area":18271,"bbox":[5,31,151,121],"iscrowd":0,"id":165,"image_id":110,"category_id":null},{"segmentation":[[91,42,157,42,157,82,91,82]],"area":2640,"bbox":[91,42,66,40],"iscrowd":0,"id":167,"image_id":111,"category_id":null},{"segmentation":[[45,49,217,49,217,167,45,167]],"area":20296,"bbox":[45,49,172,118],"iscrowd":0,"id":168,"image_id":111,"category_id":null},{"segmentation":[[45,49,217,49,217,167,45,167]],"area":20296,"bbox":[45,49,172,118],"iscrowd":0,"id":168,"image_id":111,"category_id":null},{"segmentation":[[111,10,241,10,241,96,111,96]],"area":11180,"bbox":[111,10,130,86],"iscrowd":0,"id":170,"image_id":112,"category_id":null},{"segmentation":[[111,10,241,10,241,96,111,96]],"area":11180,"bbox":[111,10,130,86],"iscrowd":0,"id":170,"image_id":112,"category_id":null},{"segmentation":[[4,4,107,4,107,85,4,85]],"area":8343,"bbox":[4,4,103,81],"iscrowd":0,"id":172,"image_id":112,"category_id":null},{"segmentation":[[4,4,107,4,107,85,4,85]],"area":8343,"bbox":[4,4,103,81],"iscrowd":0,"id":172,"image_id":112,"category_id":null},{"segmentation":[[16,96,139,96,139,150,16,150]],"area":6642,"bbox":[16,96,123,54],"iscrowd":0,"id":174,"image_id":112,"category_id":null},{"segmentation":[[16,96,139,96,139,150,16,150]],"area":6642,"bbox":[16,96,123,54],"iscrowd":0,"id":174,"image_id":112,"category_id":null},{"segmentation":[[145,105,269,105,269,178,145,178]],"area":9052,"bbox":[145,105,124,73],"iscrowd":0,"id":176,"image_id":112,"category_id":null},{"segmentation":[[145,105,269,105,269,178,145,178]],"area":9052,"bbox":[145,105,124,73],"iscrowd":0,"id":176,"image_id":112,"category_id":null},{"segmentation":[[9,68,253,68,253,188,9,188]],"area":29280,"bbox":[9,68,244,120],"iscrowd":0,"id":178,"image_id":115,"category_id":null},{"segmentation":[[9,68,253,68,253,188,9,188]],"area":29280,"bbox":[9,68,244,120],"iscrowd":0,"id":178,"image_id":115,"category_id":null},{"segmentation":[[92,21,171,21,171,64,92,64]],"area":3397,"bbox":[92,21,79,43],"iscrowd":0,"id":180,"image_id":115,"category_id":null},{"segmentation":[[69,18,164,18,164,82,69,82]],"area":6080,"bbox":[69,18,95,64],"iscrowd":0,"id":181,"image_id":116,"category_id":null},{"segmentation":[[69,18,164,18,164,82,69,82]],"area":6080,"bbox":[69,18,95,64],"iscrowd":0,"id":181,"image_id":116,"category_id":null},{"segmentation":[[170,32,346,32,346,140,170,140]],"area":19008,"bbox":[170,32,176,108],"iscrowd":0,"id":183,"image_id":116,"category_id":null},{"segmentation":[[170,32,346,32,346,140,170,140]],"area":19008,"bbox":[170,32,176,108],"iscrowd":0,"id":183,"image_id":116,"category_id":null},{"segmentation":[[1,1,59,1,59,103,1,103]],"area":5916,"bbox":[1,1,58,102],"iscrowd":0,"id":185,"image_id":116,"category_id":null},{"segmentation":[[1,1,59,1,59,103,1,103]],"area":5916,"bbox":[1,1,58,102],"iscrowd":0,"id":185,"image_id":116,"category_id":null},{"segmentation":[[26,84,117,84,117,144,26,144]],"area":5460,"bbox":[26,84,91,60],"iscrowd":0,"id":187,"image_id":116,"category_id":null},{"segmentation":[[26,84,117,84,117,144,26,144]],"area":5460,"bbox":[26,84,91,60],"iscrowd":0,"id":187,"image_id":116,"category_id":null},{"segmentation":[[17,34,215,34,215,170,17,170]],"area":26928,"bbox":[17,34,198,136],"iscrowd":0,"id":189,"image_id":117,"category_id":null},{"segmentation":[[17,34,215,34,215,170,17,170]],"area":26928,"bbox":[17,34,198,136],"iscrowd":0,"id":189,"image_id":117,"category_id":null},{"segmentation":[[155,2,280,2,280,83,155,83]],"area":10125,"bbox":[155,2,125,81],"iscrowd":0,"id":191,"image_id":117,"category_id":null},{"segmentation":[[155,2,280,2,280,83,155,83]],"area":10125,"bbox":[155,2,125,81],"iscrowd":0,"id":191,"image_id":117,"category_id":null},{"segmentation":[[183,61,279,61,279,170,183,170]],"area":10464,"bbox":[183,61,96,109],"iscrowd":0,"id":193,"image_id":117,"category_id":null},{"segmentation":[[183,61,279,61,279,170,183,170]],"area":10464,"bbox":[183,61,96,109],"iscrowd":0,"id":193,"image_id":117,"category_id":null},{"segmentation":[[218,38,278,38,278,56,218,56]],"area":1080,"bbox":[218,38,60,18],"iscrowd":0,"id":195,"image_id":117,"category_id":null},{"segmentation":[[218,38,278,38,278,56,218,56]],"area":1080,"bbox":[218,38,60,18],"iscrowd":0,"id":195,"image_id":117,"category_id":null},{"segmentation":[[99,3,299,3,299,164,99,164]],"area":32200,"bbox":[99,3,200,161],"iscrowd":0,"id":197,"image_id":118,"category_id":null},{"segmentation":[[99,3,299,3,299,164,99,164]],"area":32200,"bbox":[99,3,200,161],"iscrowd":0,"id":197,"image_id":118,"category_id":null},{"segmentation":[[103,10,178,10,178,94,103,94]],"area":6300,"bbox":[103,10,75,84],"iscrowd":0,"id":199,"image_id":120,"category_id":null},{"segmentation":[[103,10,178,10,178,94,103,94]],"area":6300,"bbox":[103,10,75,84],"iscrowd":0,"id":199,"image_id":120,"category_id":null},{"segmentation":[[167,58,256,58,256,155,167,155]],"area":8633,"bbox":[167,58,89,97],"iscrowd":0,"id":201,"image_id":120,"category_id":null},{"segmentation":[[167,58,256,58,256,155,167,155]],"area":8633,"bbox":[167,58,89,97],"iscrowd":0,"id":201,"image_id":120,"category_id":null},{"segmentation":[[41,67,129,67,129,145,41,145]],"area":6864,"bbox":[41,67,88,78],"iscrowd":0,"id":203,"image_id":120,"category_id":null},{"segmentation":[[41,67,129,67,129,145,41,145]],"area":6864,"bbox":[41,67,88,78],"iscrowd":0,"id":203,"image_id":120,"category_id":null},{"segmentation":[[62,64,144,64,144,117,62,117]],"area":4346,"bbox":[62,64,82,53],"iscrowd":0,"id":205,"image_id":122,"category_id":null},{"segmentation":[[139,46,197,46,197,124,139,124]],"area":4524,"bbox":[139,46,58,78],"iscrowd":0,"id":206,"image_id":122,"category_id":null},{"segmentation":[[139,46,197,46,197,124,139,124]],"area":4524,"bbox":[139,46,58,78],"iscrowd":0,"id":206,"image_id":122,"category_id":null},{"segmentation":[[123,6,309,6,309,159,123,159]],"area":28458,"bbox":[123,6,186,153],"iscrowd":0,"id":208,"image_id":122,"category_id":null},{"segmentation":[[123,6,309,6,309,159,123,159]],"area":28458,"bbox":[123,6,186,153],"iscrowd":0,"id":208,"image_id":122,"category_id":null},{"segmentation":[[13,62,254,62,254,188,13,188]],"area":30366,"bbox":[13,62,241,126],"iscrowd":0,"id":210,"image_id":123,"category_id":null},{"segmentation":[[13,62,254,62,254,188,13,188]],"area":30366,"bbox":[13,62,241,126],"iscrowd":0,"id":210,"image_id":123,"category_id":null},{"segmentation":[[86,19,170,19,170,58,86,58]],"area":3276,"bbox":[86,19,84,39],"iscrowd":0,"id":212,"image_id":123,"category_id":null},{"segmentation":[[51,4,193,4,193,183,51,183]],"area":25418,"bbox":[51,4,142,179],"iscrowd":0,"id":213,"image_id":124,"category_id":null},{"segmentation":[[51,4,193,4,193,183,51,183]],"area":25418,"bbox":[51,4,142,179],"iscrowd":0,"id":213,"image_id":124,"category_id":null},{"segmentation":[[5,79,297,79,297,166,5,166]],"area":25404,"bbox":[5,79,292,87],"iscrowd":0,"id":215,"image_id":125,"category_id":null},{"segmentation":[[5,79,297,79,297,166,5,166]],"area":25404,"bbox":[5,79,292,87],"iscrowd":0,"id":215,"image_id":125,"category_id":null},{"segmentation":[[107,38,163,38,163,68,107,68]],"area":1680,"bbox":[107,38,56,30],"iscrowd":0,"id":217,"image_id":125,"category_id":null},{"segmentation":[[107,38,163,38,163,68,107,68]],"area":1680,"bbox":[107,38,56,30],"iscrowd":0,"id":217,"image_id":125,"category_id":null},{"segmentation":[[116,1,162,1,162,10,116,10]],"area":414,"bbox":[116,1,46,9],"iscrowd":0,"id":219,"image_id":125,"category_id":null},{"segmentation":[[116,1,162,1,162,10,116,10]],"area":414,"bbox":[116,1,46,9],"iscrowd":0,"id":219,"image_id":125,"category_id":null},{"segmentation":[[17,57,92,57,92,89,17,89]],"area":2400,"bbox":[17,57,75,32],"iscrowd":0,"id":221,"image_id":125,"category_id":null},{"segmentation":[[17,57,92,57,92,89,17,89]],"area":2400,"bbox":[17,57,75,32],"iscrowd":0,"id":221,"image_id":125,"category_id":null},{"segmentation":[[61,35,223,35,223,160,61,160]],"area":20250,"bbox":[61,35,162,125],"iscrowd":0,"id":223,"image_id":126,"category_id":null},{"segmentation":[[61,35,223,35,223,160,61,160]],"area":20250,"bbox":[61,35,162,125],"iscrowd":0,"id":223,"image_id":126,"category_id":null},{"segmentation":[[1,54,55,54,55,146,1,146]],"area":4968,"bbox":[1,54,54,92],"iscrowd":0,"id":225,"image_id":126,"category_id":null},{"segmentation":[[1,54,55,54,55,146,1,146]],"area":4968,"bbox":[1,54,54,92],"iscrowd":0,"id":225,"image_id":126,"category_id":null},{"segmentation":[[178,46,286,46,286,141,178,141]],"area":10260,"bbox":[178,46,108,95],"iscrowd":0,"id":227,"image_id":127,"category_id":null},{"segmentation":[[178,46,286,46,286,141,178,141]],"area":10260,"bbox":[178,46,108,95],"iscrowd":0,"id":227,"image_id":127,"category_id":null},{"segmentation":[[13,14,271,14,271,177,13,177]],"area":42054,"bbox":[13,14,258,163],"iscrowd":0,"id":229,"image_id":129,"category_id":null},{"segmentation":[[13,14,271,14,271,177,13,177]],"area":42054,"bbox":[13,14,258,163],"iscrowd":0,"id":229,"image_id":129,"category_id":null},{"segmentation":[[17,76,135,76,135,128,17,128]],"area":6136,"bbox":[17,76,118,52],"iscrowd":0,"id":231,"image_id":130,"category_id":null},{"segmentation":[[17,76,135,76,135,128,17,128]],"area":6136,"bbox":[17,76,118,52],"iscrowd":0,"id":231,"image_id":130,"category_id":null},{"segmentation":[[142,52,230,52,230,112,142,112]],"area":5280,"bbox":[142,52,88,60],"iscrowd":0,"id":233,"image_id":130,"category_id":null},{"segmentation":[[142,52,230,52,230,112,142,112]],"area":5280,"bbox":[142,52,88,60],"iscrowd":0,"id":233,"image_id":130,"category_id":null},{"segmentation":[[189,2,272,2,272,67,189,67]],"area":5395,"bbox":[189,2,83,65],"iscrowd":0,"id":235,"image_id":130,"category_id":null},{"segmentation":[[189,2,272,2,272,67,189,67]],"area":5395,"bbox":[189,2,83,65],"iscrowd":0,"id":235,"image_id":130,"category_id":null},{"segmentation":[[59,42,263,42,263,167,59,167]],"area":25500,"bbox":[59,42,204,125],"iscrowd":0,"id":237,"image_id":131,"category_id":null},{"segmentation":[[59,42,263,42,263,167,59,167]],"area":25500,"bbox":[59,42,204,125],"iscrowd":0,"id":237,"image_id":131,"category_id":null},{"segmentation":[[34,3,113,3,113,65,34,65]],"area":4898,"bbox":[34,3,79,62],"iscrowd":0,"id":239,"image_id":131,"category_id":null},{"segmentation":[[34,3,113,3,113,65,34,65]],"area":4898,"bbox":[34,3,79,62],"iscrowd":0,"id":239,"image_id":131,"category_id":null},{"segmentation":[[130,2,183,2,183,56,130,56]],"area":2862,"bbox":[130,2,53,54],"iscrowd":0,"id":241,"image_id":131,"category_id":null},{"segmentation":[[3,76,121,76,121,218,3,218]],"area":16756,"bbox":[3,76,118,142],"iscrowd":0,"id":242,"image_id":133,"category_id":null},{"segmentation":[[3,76,121,76,121,218,3,218]],"area":16756,"bbox":[3,76,118,142],"iscrowd":0,"id":242,"image_id":133,"category_id":null},{"segmentation":[[120,56,196,56,196,102,120,102]],"area":3496,"bbox":[120,56,76,46],"iscrowd":0,"id":244,"image_id":133,"category_id":null},{"segmentation":[[120,56,196,56,196,102,120,102]],"area":3496,"bbox":[120,56,76,46],"iscrowd":0,"id":244,"image_id":133,"category_id":null},{"segmentation":[[151,112,214,112,214,176,151,176]],"area":4032,"bbox":[151,112,63,64],"iscrowd":0,"id":246,"image_id":133,"category_id":null},{"segmentation":[[151,112,214,112,214,176,151,176]],"area":4032,"bbox":[151,112,63,64],"iscrowd":0,"id":246,"image_id":133,"category_id":null},{"segmentation":[[55,11,215,11,215,161,55,161]],"area":24000,"bbox":[55,11,160,150],"iscrowd":0,"id":248,"image_id":135,"category_id":null},{"segmentation":[[55,11,215,11,215,161,55,161]],"area":24000,"bbox":[55,11,160,150],"iscrowd":0,"id":248,"image_id":135,"category_id":null},{"segmentation":[[1,97,44,97,44,164,1,164]],"area":2881,"bbox":[1,97,43,67],"iscrowd":0,"id":250,"image_id":135,"category_id":null},{"segmentation":[[11,17,193,17,193,158,11,158]],"area":25662,"bbox":[11,17,182,141],"iscrowd":0,"id":251,"image_id":136,"category_id":null},{"segmentation":[[11,17,193,17,193,158,11,158]],"area":25662,"bbox":[11,17,182,141],"iscrowd":0,"id":251,"image_id":136,"category_id":null},{"segmentation":[[170,36,296,36,296,168,170,168]],"area":16632,"bbox":[170,36,126,132],"iscrowd":0,"id":253,"image_id":136,"category_id":null},{"segmentation":[[170,36,296,36,296,168,170,168]],"area":16632,"bbox":[170,36,126,132],"iscrowd":0,"id":253,"image_id":136,"category_id":null},{"segmentation":[[191,0,295,0,295,88,191,88]],"area":9152,"bbox":[191,0,104,88],"iscrowd":0,"id":255,"image_id":136,"category_id":null},{"segmentation":[[191,0,295,0,295,88,191,88]],"area":9152,"bbox":[191,0,104,88],"iscrowd":0,"id":255,"image_id":136,"category_id":null},{"segmentation":[[137,65,294,65,294,154,137,154]],"area":13973,"bbox":[137,65,157,89],"iscrowd":0,"id":257,"image_id":137,"category_id":null},{"segmentation":[[137,65,294,65,294,154,137,154]],"area":13973,"bbox":[137,65,157,89],"iscrowd":0,"id":257,"image_id":137,"category_id":null},{"segmentation":[[27,8,144,8,144,54,27,54]],"area":5382,"bbox":[27,8,117,46],"iscrowd":0,"id":259,"image_id":137,"category_id":null},{"segmentation":[[27,8,144,8,144,54,27,54]],"area":5382,"bbox":[27,8,117,46],"iscrowd":0,"id":259,"image_id":137,"category_id":null},{"segmentation":[[167,4,279,4,279,47,167,47]],"area":4816,"bbox":[167,4,112,43],"iscrowd":0,"id":261,"image_id":137,"category_id":null},{"segmentation":[[167,4,279,4,279,47,167,47]],"area":4816,"bbox":[167,4,112,43],"iscrowd":0,"id":261,"image_id":137,"category_id":null},{"segmentation":[[29,62,133,62,133,132,29,132]],"area":7280,"bbox":[29,62,104,70],"iscrowd":0,"id":263,"image_id":137,"category_id":null},{"segmentation":[[29,62,133,62,133,132,29,132]],"area":7280,"bbox":[29,62,104,70],"iscrowd":0,"id":263,"image_id":137,"category_id":null},{"segmentation":[[21,44,153,44,153,162,21,162]],"area":15576,"bbox":[21,44,132,118],"iscrowd":0,"id":265,"image_id":138,"category_id":null},{"segmentation":[[21,44,153,44,153,162,21,162]],"area":15576,"bbox":[21,44,132,118],"iscrowd":0,"id":265,"image_id":138,"category_id":null},{"segmentation":[[157,24,297,24,297,160,157,160]],"area":19040,"bbox":[157,24,140,136],"iscrowd":0,"id":267,"image_id":138,"category_id":null},{"segmentation":[[157,24,297,24,297,160,157,160]],"area":19040,"bbox":[157,24,140,136],"iscrowd":0,"id":267,"image_id":138,"category_id":null},{"segmentation":[[396,90,871,90,871,836,396,836]],"area":354350,"bbox":[396,90,475,746],"iscrowd":0,"id":269,"image_id":140,"category_id":null},{"segmentation":[[396,90,871,90,871,836,396,836]],"area":354350,"bbox":[396,90,475,746],"iscrowd":0,"id":269,"image_id":140,"category_id":null},{"segmentation":[[790,181,1284,181,1284,839,790,839]],"area":325052,"bbox":[790,181,494,658],"iscrowd":0,"id":271,"image_id":140,"category_id":null},{"segmentation":[[790,181,1284,181,1284,839,790,839]],"area":325052,"bbox":[790,181,494,658],"iscrowd":0,"id":271,"image_id":140,"category_id":null},{"segmentation":[[17,146,402,146,402,802,17,802]],"area":252560,"bbox":[17,146,385,656],"iscrowd":0,"id":273,"image_id":140,"category_id":null},{"segmentation":[[17,146,402,146,402,802,17,802]],"area":252560,"bbox":[17,146,385,656],"iscrowd":0,"id":273,"image_id":140,"category_id":null},{"segmentation":[[7,51,140,51,140,262,7,262]],"area":28063,"bbox":[7,51,133,211],"iscrowd":0,"id":275,"image_id":141,"category_id":null},{"segmentation":[[7,51,140,51,140,262,7,262]],"area":28063,"bbox":[7,51,133,211],"iscrowd":0,"id":275,"image_id":141,"category_id":null},{"segmentation":[[121,35,176,35,176,117,121,117]],"area":4510,"bbox":[121,35,55,82],"iscrowd":0,"id":277,"image_id":141,"category_id":null},{"segmentation":[[30,36,259,36,259,165,30,165]],"area":29541,"bbox":[30,36,229,129],"iscrowd":0,"id":278,"image_id":142,"category_id":null},{"segmentation":[[30,36,259,36,259,165,30,165]],"area":29541,"bbox":[30,36,229,129],"iscrowd":0,"id":278,"image_id":142,"category_id":null},{"segmentation":[[15,20,211,20,211,176,15,176]],"area":30576,"bbox":[15,20,196,156],"iscrowd":0,"id":280,"image_id":144,"category_id":null},{"segmentation":[[15,20,211,20,211,176,15,176]],"area":30576,"bbox":[15,20,196,156],"iscrowd":0,"id":280,"image_id":144,"category_id":null},{"segmentation":[[4,68,118,68,118,214,4,214]],"area":16644,"bbox":[4,68,114,146],"iscrowd":0,"id":282,"image_id":146,"category_id":null},{"segmentation":[[4,68,118,68,118,214,4,214]],"area":16644,"bbox":[4,68,114,146],"iscrowd":0,"id":282,"image_id":146,"category_id":null},{"segmentation":[[113,49,197,49,197,98,113,98]],"area":4116,"bbox":[113,49,84,49],"iscrowd":0,"id":284,"image_id":146,"category_id":null},{"segmentation":[[113,49,197,49,197,98,113,98]],"area":4116,"bbox":[113,49,84,49],"iscrowd":0,"id":284,"image_id":146,"category_id":null},{"segmentation":[[130,112,219,112,219,185,130,185]],"area":6497,"bbox":[130,112,89,73],"iscrowd":0,"id":286,"image_id":146,"category_id":null},{"segmentation":[[130,112,219,112,219,185,130,185]],"area":6497,"bbox":[130,112,89,73],"iscrowd":0,"id":286,"image_id":146,"category_id":null},{"segmentation":[[108,2,286,2,286,54,108,54]],"area":9256,"bbox":[108,2,178,52],"iscrowd":0,"id":288,"image_id":147,"category_id":null},{"segmentation":[[108,2,286,2,286,54,108,54]],"area":9256,"bbox":[108,2,178,52],"iscrowd":0,"id":288,"image_id":147,"category_id":null},{"segmentation":[[191,46,287,46,287,151,191,151]],"area":10080,"bbox":[191,46,96,105],"iscrowd":0,"id":290,"image_id":147,"category_id":null},{"segmentation":[[191,46,287,46,287,151,191,151]],"area":10080,"bbox":[191,46,96,105],"iscrowd":0,"id":290,"image_id":147,"category_id":null},{"segmentation":[[148,63,217,63,217,127,148,127]],"area":4416,"bbox":[148,63,69,64],"iscrowd":0,"id":292,"image_id":147,"category_id":null},{"segmentation":[[32,34,111,34,111,92,32,92]],"area":4582,"bbox":[32,34,79,58],"iscrowd":0,"id":293,"image_id":147,"category_id":null},{"segmentation":[[32,34,111,34,111,92,32,92]],"area":4582,"bbox":[32,34,79,58],"iscrowd":0,"id":293,"image_id":147,"category_id":null},{"segmentation":[[1,1,46,1,46,110,1,110]],"area":4905,"bbox":[1,1,45,109],"iscrowd":0,"id":295,"image_id":147,"category_id":null},{"segmentation":[[1,1,46,1,46,110,1,110]],"area":4905,"bbox":[1,1,45,109],"iscrowd":0,"id":295,"image_id":147,"category_id":null},{"segmentation":[[41,20,271,20,271,174,41,174]],"area":35420,"bbox":[41,20,230,154],"iscrowd":0,"id":297,"image_id":148,"category_id":null},{"segmentation":[[41,20,271,20,271,174,41,174]],"area":35420,"bbox":[41,20,230,154],"iscrowd":0,"id":297,"image_id":148,"category_id":null},{"segmentation":[[58,351,597,351,597,704,58,704]],"area":190267,"bbox":[58,351,539,353],"iscrowd":0,"id":299,"image_id":149,"category_id":null},{"segmentation":[[58,351,597,351,597,704,58,704]],"area":190267,"bbox":[58,351,539,353],"iscrowd":0,"id":299,"image_id":149,"category_id":null},{"segmentation":[[656,427,1092,427,1092,657,656,657]],"area":100280,"bbox":[656,427,436,230],"iscrowd":0,"id":301,"image_id":149,"category_id":null},{"segmentation":[[656,427,1092,427,1092,657,656,657]],"area":100280,"bbox":[656,427,436,230],"iscrowd":0,"id":301,"image_id":149,"category_id":null},{"segmentation":[[11,23,123,23,123,173,11,173]],"area":16800,"bbox":[11,23,112,150],"iscrowd":0,"id":303,"image_id":150,"category_id":null},{"segmentation":[[11,23,123,23,123,173,11,173]],"area":16800,"bbox":[11,23,112,150],"iscrowd":0,"id":303,"image_id":150,"category_id":null},{"segmentation":[[162,34,250,34,250,170,162,170]],"area":11968,"bbox":[162,34,88,136],"iscrowd":0,"id":305,"image_id":150,"category_id":null},{"segmentation":[[162,34,250,34,250,170,162,170]],"area":11968,"bbox":[162,34,88,136],"iscrowd":0,"id":305,"image_id":150,"category_id":null},{"segmentation":[[97,29,173,29,173,173,97,173]],"area":10944,"bbox":[97,29,76,144],"iscrowd":0,"id":307,"image_id":150,"category_id":null},{"segmentation":[[97,29,173,29,173,173,97,173]],"area":10944,"bbox":[97,29,76,144],"iscrowd":0,"id":307,"image_id":150,"category_id":null},{"segmentation":[[101,4,213,4,213,131,101,131]],"area":14224,"bbox":[101,4,112,127],"iscrowd":0,"id":309,"image_id":151,"category_id":null},{"segmentation":[[6,27,265,27,265,160,6,160]],"area":34447,"bbox":[6,27,259,133],"iscrowd":0,"id":310,"image_id":152,"category_id":null},{"segmentation":[[34,99,206,99,206,166,34,166]],"area":11524,"bbox":[34,99,172,67],"iscrowd":0,"id":311,"image_id":153,"category_id":null},{"segmentation":[[57,5,226,5,226,96,57,96]],"area":15379,"bbox":[57,5,169,91],"iscrowd":0,"id":312,"image_id":153,"category_id":null},{"segmentation":[[57,5,226,5,226,96,57,96]],"area":15379,"bbox":[57,5,169,91],"iscrowd":0,"id":312,"image_id":153,"category_id":null},{"segmentation":[[10,17,293,17,293,150,10,150]],"area":37639,"bbox":[10,17,283,133],"iscrowd":0,"id":314,"image_id":154,"category_id":null},{"segmentation":[[91,47,226,47,226,180,91,180]],"area":17955,"bbox":[91,47,135,133],"iscrowd":0,"id":315,"image_id":156,"category_id":null},{"segmentation":[[64,37,149,37,149,246,64,246]],"area":17765,"bbox":[64,37,85,209],"iscrowd":0,"id":316,"image_id":157,"category_id":null},{"segmentation":[[92,6,174,6,174,172,92,172]],"area":13612,"bbox":[92,6,82,166],"iscrowd":0,"id":317,"image_id":159,"category_id":null},{"segmentation":[[25,44,237,44,237,148,25,148]],"area":22048,"bbox":[25,44,212,104],"iscrowd":0,"id":318,"image_id":160,"category_id":null},{"segmentation":[[112,22,216,22,216,157,112,157]],"area":14040,"bbox":[112,22,104,135],"iscrowd":0,"id":319,"image_id":161,"category_id":null},{"segmentation":[[13,44,233,44,233,143,13,143]],"area":21780,"bbox":[13,44,220,99],"iscrowd":0,"id":320,"image_id":162,"category_id":null},{"segmentation":[[5,5,244,5,244,171,5,171]],"area":39674,"bbox":[5,5,239,166],"iscrowd":0,"id":321,"image_id":163,"category_id":null},{"segmentation":[[27,44,257,44,257,160,27,160]],"area":26680,"bbox":[27,44,230,116],"iscrowd":0,"id":322,"image_id":165,"category_id":null},{"segmentation":[[87,15,223,15,223,170,87,170]],"area":21080,"bbox":[87,15,136,155],"iscrowd":0,"id":323,"image_id":166,"category_id":null},{"segmentation":[[7,70,235,70,235,118,7,118]],"area":10944,"bbox":[7,70,228,48],"iscrowd":0,"id":324,"image_id":168,"category_id":null},{"segmentation":[[86,32,198,32,198,122,86,122]],"area":10080,"bbox":[86,32,112,90],"iscrowd":0,"id":325,"image_id":169,"category_id":null},{"segmentation":[[5,105,265,105,265,173,5,173]],"area":17680,"bbox":[5,105,260,68],"iscrowd":0,"id":326,"image_id":170,"category_id":null},{"segmentation":[[51,4,275,4,275,96,51,96]],"area":20608,"bbox":[51,4,224,92],"iscrowd":0,"id":327,"image_id":170,"category_id":null},{"segmentation":[[51,4,275,4,275,96,51,96]],"area":20608,"bbox":[51,4,224,92],"iscrowd":0,"id":327,"image_id":170,"category_id":null},{"segmentation":[[15,14,169,14,169,167,15,167]],"area":23562,"bbox":[15,14,154,153],"iscrowd":0,"id":329,"image_id":171,"category_id":null},{"segmentation":[[28,56,171,56,171,165,28,165]],"area":15587,"bbox":[28,56,143,109],"iscrowd":0,"id":330,"image_id":174,"category_id":null},{"segmentation":[[88,20,251,20,251,80,88,80]],"area":9780,"bbox":[88,20,163,60],"iscrowd":0,"id":331,"image_id":174,"category_id":null},{"segmentation":[[17,12,176,12,176,170,17,170]],"area":25122,"bbox":[17,12,159,158],"iscrowd":0,"id":332,"image_id":175,"category_id":null},{"segmentation":[[17,33,266,33,266,135,17,135]],"area":25398,"bbox":[17,33,249,102],"iscrowd":0,"id":333,"image_id":176,"category_id":null},{"segmentation":[[19,68,237,68,237,132,19,132]],"area":13952,"bbox":[19,68,218,64],"iscrowd":0,"id":334,"image_id":178,"category_id":null},{"segmentation":[[79,30,299,30,299,153,79,153]],"area":27060,"bbox":[79,30,220,123],"iscrowd":0,"id":335,"image_id":179,"category_id":null},{"segmentation":[[51,21,211,21,211,178,51,178]],"area":25120,"bbox":[51,21,160,157],"iscrowd":0,"id":336,"image_id":180,"category_id":null},{"segmentation":[[35,10,211,10,211,176,35,176]],"area":29216,"bbox":[35,10,176,166],"iscrowd":0,"id":337,"image_id":181,"category_id":null},{"segmentation":[[41,66,193,66,193,142,41,142]],"area":11552,"bbox":[41,66,152,76],"iscrowd":0,"id":338,"image_id":182,"category_id":null},{"segmentation":[[48,12,203,12,203,202,48,202]],"area":29450,"bbox":[48,12,155,190],"iscrowd":0,"id":339,"image_id":183,"category_id":null},{"segmentation":[[25,24,301,24,301,130,25,130]],"area":29256,"bbox":[25,24,276,106],"iscrowd":0,"id":340,"image_id":184,"category_id":null},{"segmentation":[[6,20,221,20,221,175,6,175]],"area":33325,"bbox":[6,20,215,155],"iscrowd":0,"id":341,"image_id":185,"category_id":null},{"segmentation":[[53,4,188,4,188,168,53,168]],"area":22140,"bbox":[53,4,135,164],"iscrowd":0,"id":342,"image_id":187,"category_id":null},{"segmentation":[[4,67,255,67,255,156,4,156]],"area":22339,"bbox":[4,67,251,89],"iscrowd":0,"id":343,"image_id":188,"category_id":null},{"segmentation":[[35,19,247,19,247,181,35,181]],"area":34344,"bbox":[35,19,212,162],"iscrowd":0,"id":344,"image_id":189,"category_id":null},{"segmentation":[[16,65,240,65,240,131,16,131]],"area":14784,"bbox":[16,65,224,66],"iscrowd":0,"id":345,"image_id":190,"category_id":null},{"segmentation":[[49,4,238,4,238,156,49,156]],"area":28728,"bbox":[49,4,189,152],"iscrowd":0,"id":346,"image_id":192,"category_id":null},{"segmentation":[[83,10,219,10,219,180,83,180]],"area":23120,"bbox":[83,10,136,170],"iscrowd":0,"id":347,"image_id":193,"category_id":null},{"segmentation":[[21,52,239,52,239,163,21,163]],"area":24198,"bbox":[21,52,218,111],"iscrowd":0,"id":348,"image_id":194,"category_id":null},{"segmentation":[[75,22,197,22,197,193,75,193]],"area":20862,"bbox":[75,22,122,171],"iscrowd":0,"id":349,"image_id":196,"category_id":null},{"segmentation":[[45,39,208,39,208,162,45,162]],"area":20049,"bbox":[45,39,163,123],"iscrowd":0,"id":350,"image_id":197,"category_id":null},{"segmentation":[[59,69,250,69,250,160,59,160]],"area":17381,"bbox":[59,69,191,91],"iscrowd":0,"id":351,"image_id":199,"category_id":null},{"segmentation":[[15,32,235,32,235,166,15,166]],"area":29480,"bbox":[15,32,220,134],"iscrowd":0,"id":352,"image_id":200,"category_id":null},{"segmentation":[[22,14,240,14,240,176,22,176]],"area":35316,"bbox":[22,14,218,162],"iscrowd":0,"id":353,"image_id":251,"category_id":null},{"segmentation":[[20,4,180,4,180,230,20,230]],"area":36160,"bbox":[20,4,160,226],"iscrowd":0,"id":354,"image_id":252,"category_id":null},{"segmentation":[[11,17,275,17,275,169,11,169]],"area":40128,"bbox":[11,17,264,152],"iscrowd":0,"id":355,"image_id":253,"category_id":null},{"segmentation":[[38,4,205,4,205,153,38,153]],"area":24883,"bbox":[38,4,167,149],"iscrowd":0,"id":356,"image_id":255,"category_id":null},{"segmentation":[[20,0,294,0,294,161,20,161]],"area":44114,"bbox":[20,0,274,161],"iscrowd":0,"id":357,"image_id":256,"category_id":null},{"segmentation":[[19,50,213,50,213,158,19,158]],"area":20952,"bbox":[19,50,194,108],"iscrowd":0,"id":358,"image_id":258,"category_id":null},{"segmentation":[[9,16,182,16,182,220,9,220]],"area":35292,"bbox":[9,16,173,204],"iscrowd":0,"id":359,"image_id":259,"category_id":null},{"segmentation":[[26,10,122,10,122,187,26,187]],"area":16992,"bbox":[26,10,96,177],"iscrowd":0,"id":360,"image_id":261,"category_id":null},{"segmentation":[[147,14,247,14,247,191,147,191]],"area":17700,"bbox":[147,14,100,177],"iscrowd":0,"id":361,"image_id":261,"category_id":null},{"segmentation":[[15,8,130,8,130,180,15,180]],"area":19780,"bbox":[15,8,115,172],"iscrowd":0,"id":362,"image_id":263,"category_id":null},{"segmentation":[[159,10,261,10,261,171,159,171]],"area":16422,"bbox":[159,10,102,161],"iscrowd":0,"id":363,"image_id":263,"category_id":null},{"segmentation":[[79,13,191,13,191,172,79,172]],"area":17808,"bbox":[79,13,112,159],"iscrowd":0,"id":364,"image_id":264,"category_id":null},{"segmentation":[[1,14,253,14,253,184,1,184]],"area":42840,"bbox":[1,14,252,170],"iscrowd":0,"id":365,"image_id":265,"category_id":null},{"segmentation":[[55,11,145,11,145,161,55,161]],"area":13500,"bbox":[55,11,90,150],"iscrowd":0,"id":366,"image_id":267,"category_id":null},{"segmentation":[[161,10,250,10,250,163,161,163]],"area":13617,"bbox":[161,10,89,153],"iscrowd":0,"id":367,"image_id":267,"category_id":null},{"segmentation":[[35,41,175,41,175,264,35,264]],"area":31220,"bbox":[35,41,140,223],"iscrowd":0,"id":368,"image_id":268,"category_id":null},{"segmentation":[[13,10,127,10,127,174,13,174]],"area":18696,"bbox":[13,10,114,164],"iscrowd":0,"id":369,"image_id":269,"category_id":null},{"segmentation":[[157,4,257,4,257,176,157,176]],"area":17200,"bbox":[157,4,100,172],"iscrowd":0,"id":370,"image_id":269,"category_id":null},{"segmentation":[[25,6,234,6,234,105,25,105]],"area":20691,"bbox":[25,6,209,99],"iscrowd":0,"id":371,"image_id":270,"category_id":null},{"segmentation":[[82,112,199,112,199,166,82,166]],"area":6318,"bbox":[82,112,117,54],"iscrowd":0,"id":372,"image_id":270,"category_id":null},{"segmentation":[[45,70,261,70,261,148,45,148]],"area":16848,"bbox":[45,70,216,78],"iscrowd":0,"id":373,"image_id":271,"category_id":null},{"segmentation":[[37,8,160,8,160,254,37,254]],"area":30258,"bbox":[37,8,123,246],"iscrowd":0,"id":374,"image_id":272,"category_id":null},{"segmentation":[[34,14,201,14,201,202,34,202]],"area":31396,"bbox":[34,14,167,188],"iscrowd":0,"id":375,"image_id":273,"category_id":null},{"segmentation":[[50,3,143,3,143,165,50,165]],"area":15066,"bbox":[50,3,93,162],"iscrowd":0,"id":376,"image_id":274,"category_id":null},{"segmentation":[[170,1,252,1,252,164,170,164]],"area":13366,"bbox":[170,1,82,163],"iscrowd":0,"id":377,"image_id":274,"category_id":null},{"segmentation":[[89,10,189,10,189,162,89,162]],"area":15200,"bbox":[89,10,100,152],"iscrowd":0,"id":378,"image_id":275,"category_id":null},{"segmentation":[[8,22,191,22,191,131,8,131]],"area":19947,"bbox":[8,22,183,109],"iscrowd":0,"id":379,"image_id":276,"category_id":null},{"segmentation":[[7,144,190,144,190,258,7,258]],"area":20862,"bbox":[7,144,183,114],"iscrowd":0,"id":380,"image_id":276,"category_id":null},{"segmentation":[[29,39,156,39,156,238,29,238]],"area":25273,"bbox":[29,39,127,199],"iscrowd":0,"id":381,"image_id":278,"category_id":null},{"segmentation":[[23,10,255,10,255,184,23,184]],"area":40368,"bbox":[23,10,232,174],"iscrowd":0,"id":382,"image_id":279,"category_id":null},{"segmentation":[[19,34,245,34,245,187,19,187]],"area":34578,"bbox":[19,34,226,153],"iscrowd":0,"id":383,"image_id":281,"category_id":null},{"segmentation":[[53,26,241,26,241,172,53,172]],"area":27448,"bbox":[53,26,188,146],"iscrowd":0,"id":384,"image_id":282,"category_id":null},{"segmentation":[[12,60,190,60,190,194,12,194]],"area":23852,"bbox":[12,60,178,134],"iscrowd":0,"id":385,"image_id":284,"category_id":null},{"segmentation":[[12,18,261,18,261,148,12,148]],"area":32370,"bbox":[12,18,249,130],"iscrowd":0,"id":386,"image_id":285,"category_id":null},{"segmentation":[[17,9,168,9,168,291,17,291]],"area":42582,"bbox":[17,9,151,282],"iscrowd":0,"id":387,"image_id":286,"category_id":null},{"segmentation":[[14,6,175,6,175,146,14,146]],"area":22540,"bbox":[14,6,161,140],"iscrowd":0,"id":388,"image_id":287,"category_id":null},{"segmentation":[[195,14,323,14,323,138,195,138]],"area":15872,"bbox":[195,14,128,124],"iscrowd":0,"id":389,"image_id":287,"category_id":null},{"segmentation":[[25,61,253,61,253,151,25,151]],"area":20520,"bbox":[25,61,228,90],"iscrowd":0,"id":390,"image_id":288,"category_id":null},{"segmentation":[[53,46,251,46,251,178,53,178]],"area":26136,"bbox":[53,46,198,132],"iscrowd":0,"id":391,"image_id":289,"category_id":null},{"segmentation":[[145,12,250,12,250,176,145,176]],"area":17220,"bbox":[145,12,105,164],"iscrowd":0,"id":392,"image_id":290,"category_id":null},{"segmentation":[[18,4,121,4,121,173,18,173]],"area":17407,"bbox":[18,4,103,169],"iscrowd":0,"id":393,"image_id":290,"category_id":null},{"segmentation":[[67,29,255,29,255,148,67,148]],"area":22372,"bbox":[67,29,188,119],"iscrowd":0,"id":394,"image_id":291,"category_id":null},{"segmentation":[[67,10,184,10,184,153,67,153]],"area":16731,"bbox":[67,10,117,143],"iscrowd":0,"id":395,"image_id":293,"category_id":null},{"segmentation":[[21,34,163,34,163,242,21,242]],"area":29536,"bbox":[21,34,142,208],"iscrowd":0,"id":396,"image_id":294,"category_id":null},{"segmentation":[[160,12,256,12,256,174,160,174]],"area":15552,"bbox":[160,12,96,162],"iscrowd":0,"id":397,"image_id":295,"category_id":null},{"segmentation":[[11,20,128,20,128,174,11,174]],"area":18018,"bbox":[11,20,117,154],"iscrowd":0,"id":398,"image_id":295,"category_id":null},{"segmentation":[[25,48,211,48,211,180,25,180]],"area":24552,"bbox":[25,48,186,132],"iscrowd":0,"id":399,"image_id":297,"category_id":null},{"segmentation":[[23,16,239,16,239,102,23,102]],"area":18576,"bbox":[23,16,216,86],"iscrowd":0,"id":400,"image_id":298,"category_id":null},{"segmentation":[[91,108,185,108,185,163,91,163]],"area":5170,"bbox":[91,108,94,55],"iscrowd":0,"id":401,"image_id":298,"category_id":null},{"segmentation":[[13,50,176,50,176,154,13,154]],"area":16952,"bbox":[13,50,163,104],"iscrowd":0,"id":402,"image_id":300,"category_id":null},{"segmentation":[[14,32,220,32,220,141,14,141]],"area":22454,"bbox":[14,32,206,109],"iscrowd":0,"id":403,"image_id":201,"category_id":null},{"segmentation":[[82,4,200,4,200,165,82,165]],"area":18998,"bbox":[82,4,118,161],"iscrowd":0,"id":404,"image_id":203,"category_id":null},{"segmentation":[[202,58,267,58,267,101,202,101]],"area":2795,"bbox":[202,58,65,43],"iscrowd":0,"id":405,"image_id":203,"category_id":null},{"segmentation":[[202,58,267,58,267,101,202,101]],"area":2795,"bbox":[202,58,65,43],"iscrowd":0,"id":405,"image_id":203,"category_id":null},{"segmentation":[[65,35,265,35,265,164,65,164]],"area":25800,"bbox":[65,35,200,129],"iscrowd":0,"id":407,"image_id":204,"category_id":null},{"segmentation":[[54,16,264,16,264,137,54,137]],"area":25410,"bbox":[54,16,210,121],"iscrowd":0,"id":408,"image_id":206,"category_id":null},{"segmentation":[[2,136,74,136,74,167,2,167]],"area":2232,"bbox":[2,136,72,31],"iscrowd":0,"id":409,"image_id":206,"category_id":null},{"segmentation":[[2,136,74,136,74,167,2,167]],"area":2232,"bbox":[2,136,72,31],"iscrowd":0,"id":409,"image_id":206,"category_id":null},{"segmentation":[[59,24,274,24,274,131,59,131]],"area":23005,"bbox":[59,24,215,107],"iscrowd":0,"id":411,"image_id":207,"category_id":null},{"segmentation":[[67,17,272,17,272,142,67,142]],"area":25625,"bbox":[67,17,205,125],"iscrowd":0,"id":412,"image_id":208,"category_id":null},{"segmentation":[[91,39,265,39,265,126,91,126]],"area":15138,"bbox":[91,39,174,87],"iscrowd":0,"id":413,"image_id":210,"category_id":null},{"segmentation":[[5,42,219,42,219,154,5,154]],"area":23968,"bbox":[5,42,214,112],"iscrowd":0,"id":414,"image_id":211,"category_id":null},{"segmentation":[[66,40,228,40,228,163,66,163]],"area":19926,"bbox":[66,40,162,123],"iscrowd":0,"id":415,"image_id":212,"category_id":null},{"segmentation":[[19,37,255,37,255,130,19,130]],"area":21948,"bbox":[19,37,236,93],"iscrowd":0,"id":416,"image_id":213,"category_id":null},{"segmentation":[[49,1,253,1,253,190,49,190]],"area":38556,"bbox":[49,1,204,189],"iscrowd":0,"id":417,"image_id":215,"category_id":null},{"segmentation":[[63,16,240,16,240,142,63,142]],"area":22302,"bbox":[63,16,177,126],"iscrowd":0,"id":418,"image_id":216,"category_id":null},{"segmentation":[[21,2,273,2,273,162,21,162]],"area":40320,"bbox":[21,2,252,160],"iscrowd":0,"id":419,"image_id":217,"category_id":null},{"segmentation":[[17,45,207,45,207,172,17,172]],"area":24130,"bbox":[17,45,190,127],"iscrowd":0,"id":420,"image_id":219,"category_id":null},{"segmentation":[[29,24,259,24,259,146,29,146]],"area":28060,"bbox":[29,24,230,122],"iscrowd":0,"id":421,"image_id":220,"category_id":null},{"segmentation":[[76,67,224,67,224,158,76,158]],"area":13468,"bbox":[76,67,148,91],"iscrowd":0,"id":422,"image_id":221,"category_id":null},{"segmentation":[[55,23,183,23,183,135,55,135]],"area":14336,"bbox":[55,23,128,112],"iscrowd":0,"id":423,"image_id":223,"category_id":null},{"segmentation":[[27,13,209,13,209,207,27,207]],"area":35308,"bbox":[27,13,182,194],"iscrowd":0,"id":424,"image_id":224,"category_id":null},{"segmentation":[[15,50,233,50,233,136,15,136]],"area":18748,"bbox":[15,50,218,86],"iscrowd":0,"id":425,"image_id":225,"category_id":null},{"segmentation":[[29,9,225,9,225,124,29,124]],"area":22540,"bbox":[29,9,196,115],"iscrowd":0,"id":426,"image_id":226,"category_id":null},{"segmentation":[[29,19,277,19,277,139,29,139]],"area":29760,"bbox":[29,19,248,120],"iscrowd":0,"id":427,"image_id":227,"category_id":null},{"segmentation":[[7,4,211,4,211,164,7,164]],"area":32640,"bbox":[7,4,204,160],"iscrowd":0,"id":428,"image_id":229,"category_id":null},{"segmentation":[[5,9,277,9,277,138,5,138]],"area":35088,"bbox":[5,9,272,129],"iscrowd":0,"id":429,"image_id":231,"category_id":null},{"segmentation":[[7,5,243,5,243,152,7,152]],"area":34692,"bbox":[7,5,236,147],"iscrowd":0,"id":430,"image_id":232,"category_id":null},{"segmentation":[[80,34,262,34,262,132,80,132]],"area":17836,"bbox":[80,34,182,98],"iscrowd":0,"id":431,"image_id":234,"category_id":null},{"segmentation":[[62,32,289,32,289,145,62,145]],"area":25651,"bbox":[62,32,227,113],"iscrowd":0,"id":432,"image_id":235,"category_id":null},{"segmentation":[[67,22,243,22,243,148,67,148]],"area":22176,"bbox":[67,22,176,126],"iscrowd":0,"id":433,"image_id":237,"category_id":null},{"segmentation":[[2,6,291,6,291,164,2,164]],"area":45662,"bbox":[2,6,289,158],"iscrowd":0,"id":434,"image_id":238,"category_id":null},{"segmentation":[[42,66,228,66,228,160,42,160]],"area":17484,"bbox":[42,66,186,94],"iscrowd":0,"id":435,"image_id":239,"category_id":null},{"segmentation":[[115,28,255,28,255,144,115,144]],"area":16240,"bbox":[115,28,140,116],"iscrowd":0,"id":436,"image_id":240,"category_id":null},{"segmentation":[[11,50,254,50,254,176,11,176]],"area":30618,"bbox":[11,50,243,126],"iscrowd":0,"id":437,"image_id":241,"category_id":null},{"segmentation":[[79,64,241,64,241,137,79,137]],"area":11826,"bbox":[79,64,162,73],"iscrowd":0,"id":438,"image_id":242,"category_id":null},{"segmentation":[[3,40,204,40,204,164,3,164]],"area":24924,"bbox":[3,40,201,124],"iscrowd":0,"id":439,"image_id":244,"category_id":null},{"segmentation":[[17,3,262,3,262,172,17,172]],"area":41405,"bbox":[17,3,245,169],"iscrowd":0,"id":440,"image_id":245,"category_id":null},{"segmentation":[[2,4,248,4,248,121,2,121]],"area":28782,"bbox":[2,4,246,117],"iscrowd":0,"id":441,"image_id":246,"category_id":null},{"segmentation":[[0,23,215,23,215,124,0,124]],"area":21715,"bbox":[0,23,215,101],"iscrowd":0,"id":442,"image_id":247,"category_id":null},{"segmentation":[[75,10,387,10,387,113,75,113]],"area":32136,"bbox":[75,10,312,103],"iscrowd":0,"id":443,"image_id":248,"category_id":null},{"segmentation":[[16,35,265,35,265,177,16,177]],"area":35358,"bbox":[16,35,249,142],"iscrowd":0,"id":444,"image_id":249,"category_id":null},{"segmentation":[[9,38,265,38,265,160,9,160]],"area":31232,"bbox":[9,38,256,122],"iscrowd":0,"id":445,"image_id":250,"category_id":null}],"licenses":[{"id":0,"name":"Unknown License","url":""}],"categories":[{"supercategory":"type","id":null,"name":"Bird"},{"supercategory":"type","id":null,"name":"Human"},{"supercategory":"type","id":null,"name":"Cup (object)"},{"supercategory":"type","id":null,"name":"Unknown (object)"},{"supercategory":"type","id":null,"name":"Energy"},{"supercategory":"type","id":null,"name":"reef"},{"supercategory":"type","id":null,"name":"Fish"}]}